,course,freq,course_find
352,nodebird sns 만들기,60,nodebird sns 만들기
1128,스프링 데이터 jpa,59,스프링 데이터 jpa
928,머신러닝 완벽 가이드,49,머신러닝 완벽 가이드
402,react로 nodebird sns 만들기,49,react로 nodebird sns 만들기
1761,파이썬 머신러닝 완벽,49,파이썬 머신러닝 완벽
401,react로 nodebird sns,49,react로 nodebird sns
1891,프로그래밍과 javascript es6,48,프로그래밍과 javascript es6
1762,파이썬 머신러닝 완벽 가이드,48,파이썬 머신러닝 완벽 가이드
1935,함수형 프로그래밍과 javascript,47,함수형 프로그래밍과 javascript
1936,함수형 프로그래밍과 javascript es6,47,함수형 프로그래밍과 javascript es6
11,2020년 공부 목표,47,2020년 공부 목표
1142,스프링 부트와 jpa,40,스프링 부트와 jpa
1215,실전 스프링 부트와 jpa,39,실전 스프링 부트와 jpa
1214,실전 스프링 부트와,39,실전 스프링 부트와
763,관심있는 인프런 강의명,39,관심있는 인프런 강의명
1022,부트 개념과 활용,36,부트 개념과 활용
1138,스프링 부트 개념과,35,스프링 부트 개념과
1139,스프링 부트 개념과 활용,34,스프링 부트 개념과 활용
372,orm 표준 jpa 프로그래밍,34,orm 표준 jpa 프로그래밍
1840,표준 jpa 프로그래밍,34,표준 jpa 프로그래밍
371,orm 표준 jpa,34,orm 표준 jpa
1240,알고리즘 입문 with,33,알고리즘 입문 with
1362,위한 알고리즘 입문 with,33,위한 알고리즘 입문 with
1361,위한 알고리즘 입문,33,위한 알고리즘 입문
429,rest api 개발,32,rest api 개발
1510,자바 orm 표준,32,자바 orm 표준
1511,자바 orm 표준 jpa,32,자바 orm 표준 jpa
195,it 취업을 위한,31,it 취업을 위한
1777,파이썬 실전 활용,31,파이썬 실전 활용
1124,스프링 기반 rest,30,스프링 기반 rest
1125,스프링 기반 rest api,30,스프링 기반 rest api
777,기반 rest api,30,기반 rest api
778,기반 rest api 개발,30,기반 rest api 개발
1363,위한 알고리즘 입문 with 창의적,30,위한 알고리즘 입문 with
558,with 창의적 문제해결,30,with 창의적 문제해결
1241,알고리즘 입문 with 창의적,30,알고리즘 입문 with 창의적
196,it 취업을 위한 알고리즘,30,it 취업을 위한 알고리즘
1649,취업을 위한 알고리즘 입문,30,취업을 위한 알고리즘 입문
1648,취업을 위한 알고리즘,30,취업을 위한 알고리즘
1466,입문 with 창의적,30,입문 with 창의적
1467,입문 with 창의적 문제해결,30,입문 with 창의적 문제해결
1254,애플리케이션을 테스트하는 다양한,28,애플리케이션을 테스트하는 다양한
373,orm 표준 jpa 프로그래밍 기본편,27,orm 표준 jpa 프로그래밍
1709,테스트하는 다양한 방법,27,테스트하는 다양한 방법
257,jpa 프로그래밍 기본편,27,jpa 프로그래밍 기본편
1255,애플리케이션을 테스트하는 다양한 방법,27,애플리케이션을 테스트하는 다양한 방법
1841,표준 jpa 프로그래밍 기본편,27,표준 jpa 프로그래밍 기본편
1522,자바 애플리케이션을 테스트하는,26,자바 애플리케이션을 테스트하는
1513,자바 orm 표준 jpa 프로그래밍 기본편,26,자바 orm 표준 jpa
1523,자바 애플리케이션을 테스트하는 다양한,26,자바 애플리케이션을 테스트하는 다양한
1212,실전 스프링 데이터,25,실전 스프링 데이터
526,vue js 완벽 가이드,25,vue js 완벽 가이드
525,vue js 완벽,25,vue js 완벽
291,js 완벽 가이드,25,js 완벽 가이드
1524,자바 애플리케이션을 테스트하는 다양한 방법,25,자바 애플리케이션을 테스트하는 다양한
1025,부트와 jpa 활용1,24,부트와 jpa 활용1
1216,실전 스프링 부트와 jpa 활용1,24,실전 스프링 부트와 jpa
1143,스프링 부트와 jpa 활용1,24,스프링 부트와 jpa 활용1
258,jpa 활용1 애플리케이션,24,jpa 활용1 애플리케이션
1984,활용1 애플리케이션 개발,24,활용1 애플리케이션 개발
1026,부트와 jpa 활용1 애플리케이션,24,부트와 jpa 활용1 애플리케이션
259,jpa 활용1 애플리케이션 개발,24,jpa 활용1 애플리케이션 개발
1213,실전 스프링 데이터 jpa,23,실전 스프링 데이터 jpa
1163,스프링 프레임워크 핵심,22,스프링 프레임워크 핵심
865,따라하며 배우는 c언어,22,따라하며 배우는 c언어
1861,프레임워크 핵심 기술,21,프레임워크 핵심 기술
1164,스프링 프레임워크 핵심 기술,21,스프링 프레임워크 핵심 기술
1633,초심자를 위한 react,21,초심자를 위한 react
1336,위한 react 핵심 강좌,20,위한 react 핵심 강좌
819,누구든지 하는 리액트 초심자를,20,누구든지 하는 리액트 초심자를
396,react 핵심 강좌,20,react 핵심 강좌
818,누구든지 하는 리액트,20,누구든지 하는 리액트
904,리액트 초심자를 위한,20,리액트 초심자를 위한
1634,초심자를 위한 react 핵심,20,초심자를 위한 react 핵심
1922,하는 리액트 초심자를 위한,20,하는 리액트 초심자를 위한
905,리액트 초심자를 위한 react,20,리액트 초심자를 위한 react
1921,하는 리액트 초심자를,20,하는 리액트 초심자를
1335,위한 react 핵심,20,위한 react 핵심
1778,파이썬 알고리즘 문제풀이,19,파이썬 알고리즘 문제풀이
1924,하는 리액트 초심자를 위한 react 핵심,19,하는 리액트 초심자를 위한
906,리액트 초심자를 위한 react 핵심,19,리액트 초심자를 위한 react
669,개발 퍼펙트 가이드,18,개발 퍼펙트 가이드
1189,시작하기 파이썬 입문,18,시작하기 파이썬 입문
1875,프로그래밍 시작하기 파이썬 입문,18,프로그래밍 시작하기 파이썬 입문
1874,프로그래밍 시작하기 파이썬,18,프로그래밍 시작하기 파이썬
188,ios12 개발 퍼펙트 가이드,17,ios12 개발 퍼펙트 가이드
1222,실험을 통해 성장하는 서비스를,17,실험을 통해 성장하는 서비스를
187,ios12 개발 퍼펙트,17,ios12 개발 퍼펙트
1221,실험을 통해 성장하는,17,실험을 통해 성장하는
770,그로스해킹 데이터와 실험을 통해,17,그로스해킹 데이터와 실험을 통해
769,그로스해킹 데이터와 실험을,17,그로스해킹 데이터와 실험을
343,node js 교과서,17,node js 교과서
1086,서비스를 만드는 방법,17,서비스를 만드는 방법
1091,성장하는 서비스를 만드는,17,성장하는 서비스를 만드는
840,데이터와 실험을 통해 성장하는,17,데이터와 실험을 통해 성장하는
1092,성장하는 서비스를 만드는 방법,17,성장하는 서비스를 만드는 방법
839,데이터와 실험을 통해,17,데이터와 실험을 통해
1731,통해 성장하는 서비스를,17,통해 성장하는 서비스를
1732,통해 성장하는 서비스를 만드는,17,통해 성장하는 서비스를 만드는
262,jpa 활용2 api,16,jpa 활용2 api
1989,활용2 api 개발과 성능,16,활용2 api 개발과 성능
1039,분석 실전 프로젝트,16,분석 실전 프로젝트
670,개발과 성능 최적화,16,개발과 성능 최적화
41,api 개발과 성능 최적화,16,api 개발과 성능 최적화
40,api 개발과 성능,16,api 개발과 성능
1659,코드를 조작하는 다양한,16,코드를 조작하는 다양한
1660,코드를 조작하는 다양한 방법,16,코드를 조작하는 다양한 방법
1988,활용2 api 개발과,16,활용2 api 개발과
1591,조작하는 다양한 방법,16,조작하는 다양한 방법
263,jpa 활용2 api 개발과,16,jpa 활용2 api 개발과
287,js 시작하기 age,15,js 시작하기 age
363,of vue js,15,of vue js
1029,부트와 jpa 활용2,15,부트와 jpa 활용2
1747,파이썬 데이터시각화 분석,15,파이썬 데이터시각화 분석
1184,시작하기 age of vue,15,시작하기 age of vue
1183,시작하기 age of,15,시작하기 age of
1526,자바 코드를 조작하는,15,자바 코드를 조작하는
939,모두를 위한 딥러닝,15,모두를 위한 딥러닝
29,age of vue js,15,age of vue js
28,age of vue,15,age of vue
1527,자바 코드를 조작하는 다양한,15,자바 코드를 조작하는 다양한
1218,실전 스프링 부트와 jpa 활용2,15,실전 스프링 부트와 jpa
1748,파이썬 데이터시각화 분석 실전,15,파이썬 데이터시각화 분석 실전
288,js 시작하기 age of,15,js 시작하기 age of
521,vue js 시작하기,15,vue js 시작하기
522,vue js 시작하기 age,15,vue js 시작하기 age
838,데이터시각화 분석 실전 프로젝트,15,데이터시각화 분석 실전 프로젝트
837,데이터시각화 분석 실전,15,데이터시각화 분석 실전
1146,스프링 부트와 jpa 활용2,15,스프링 부트와 jpa 활용2
1766,파이썬 머신러닝 완벽가이드,14,파이썬 머신러닝 완벽가이드
1030,부트와 jpa 활용2 api,14,부트와 jpa 활용2 api
791,기본부터 프로젝트 실습까지,14,기본부터 프로젝트 실습까지
1219,실전 스프링 부트와 jpa 활용2 api,14,실전 스프링 부트와 jpa
1147,스프링 부트와 jpa 활용2 api,14,스프링 부트와 jpa 활용2
344,node js 교과서 기본부터,13,node js 교과서 기본부터
282,js 교과서 기본부터 프로젝트,13,js 교과서 기본부터 프로젝트
1789,파이썬 입문 크롤링을 활용한,13,파이썬 입문 크롤링을 활용한
281,js 교과서 기본부터,13,js 교과서 기본부터
823,다양한 자동화 어플리케이션,13,다양한 자동화 어플리케이션
1788,파이썬 입문 크롤링을,13,파이썬 입문 크롤링을
885,레트로의 유니티 게임 프로그래밍,13,레트로의 유니티 게임 프로그래밍
826,대세는 쿠버네티스 기초편,13,대세는 쿠버네티스 기초편
884,레트로의 유니티 게임,13,레트로의 유니티 게임
1480,입문 안드로이드 ios,13,입문 안드로이드 ios
1392,유니티 게임 프로그래밍 에센스,13,유니티 게임 프로그래밍 에센스
130,flutter 입문 안드로이드,13,flutter 입문 안드로이드
705,게임 프로그래밍 에센스,13,게임 프로그래밍 에센스
171,ios 개발을 번에,13,ios 개발을 번에
1693,크롤링을 활용한 다양한 자동화,13,크롤링을 활용한 다양한 자동화
1391,유니티 게임 프로그래밍,13,유니티 게임 프로그래밍
1993,활용한 다양한 자동화,13,활용한 다양한 자동화
1994,활용한 다양한 자동화 어플리케이션,13,활용한 다양한 자동화 어플리케이션
131,flutter 입문 안드로이드 ios,13,flutter 입문 안드로이드 ios
1692,크롤링을 활용한 다양한,13,크롤링을 활용한 다양한
1481,입문 안드로이드 ios 개발을,13,입문 안드로이드 ios 개발을
768,교과서 기본부터 프로젝트 실습까지,13,교과서 기본부터 프로젝트 실습까지
1232,안드로이드 ios 개발을,13,안드로이드 ios 개발을
1485,입문 크롤링을 활용한 다양한,13,입문 크롤링을 활용한 다양한
1233,안드로이드 ios 개발을 번에,13,안드로이드 ios 개발을 번에
1533,자바 프로그래밍 입문,13,자바 프로그래밍 입문
767,교과서 기본부터 프로젝트,13,교과서 기본부터 프로젝트
1484,입문 크롤링을 활용한,13,입문 크롤링을 활용한
1505,자동화 어플리케이션 제작하기,12,자동화 어플리케이션 제작하기
1695,크롤링을 활용한 다양한 자동화 어플리케이션 제작하기,12,크롤링을 활용한 다양한 자동화
824,다양한 자동화 어플리케이션 제작하기,12,다양한 자동화 어플리케이션 제작하기
1744,파이썬 데이터 분석,12,파이썬 데이터 분석
1995,활용한 다양한 자동화 어플리케이션 제작하기,12,활용한 다양한 자동화 어플리케이션
1816,파이썬입문과 크롤링기초 부트캠프,12,파이썬입문과 크롤링기초 부트캠프
706,게임을 만들며 배우는,11,게임을 만들며 배우는
351,node js로 크롤링하기,11,node js로 크롤링하기
1273,연습 문제 패키지,11,연습 문제 패키지
1238,알고리즘 문제풀이 코딩테스트,11,알고리즘 문제풀이 코딩테스트
116,es6 제대로 알아보기,11,es6 제대로 알아보기
739,관심 있는 인프런,11,관심 있는 인프런
1239,알고리즘 문제풀이 코딩테스트 대비,11,알고리즘 문제풀이 코딩테스트 대비
1892,프로그래밍과 javascript es6 응용편,11,프로그래밍과 javascript es6 응용편
209,javascript es6 응용편,11,javascript es6 응용편
702,게임 만들기 연습,11,게임 만들기 연습
703,게임 만들기 연습 문제,11,게임 만들기 연습 문제
1779,파이썬 알고리즘 문제풀이 코딩테스트,11,파이썬 알고리즘 문제풀이 코딩테스트
954,문제풀이 코딩테스트 대비,11,문제풀이 코딩테스트 대비
1199,신입 프로그래머를 위한,11,신입 프로그래머를 위한
921,만들기 연습 문제 패키지,11,만들기 연습 문제 패키지
920,만들기 연습 문제,11,만들기 연습 문제
210,javascript es6 제대로,11,javascript es6 제대로
211,javascript es6 제대로 알아보기,11,javascript es6 제대로 알아보기
1171,스프링부트 개념과 활용,11,스프링부트 개념과 활용
668,개발 제대로 시작하기,11,개발 제대로 시작하기
1937,함수형 프로그래밍과 javascript es6 응용편,11,함수형 프로그래밍과 javascript es6
551,vue로 nodebird sns 만들기,11,vue로 nodebird sns 만들기
550,vue로 nodebird sns,11,vue로 nodebird sns
675,개발로 배워보는 순수,10,개발로 배워보는 순수
1463,입문 inflearn original,10,입문 inflearn original
1423,인스타그램 클론 강의,10,인스타그램 클론 강의
1866,프로그래머를 위한 강좌,10,프로그래머를 위한 강좌
717,공공데이터로 파이썬 데이터,10,공공데이터로 파이썬 데이터
718,공공데이터로 파이썬 데이터 분석,10,공공데이터로 파이썬 데이터 분석
488,ui 개발로 배워보는 순수,10,ui 개발로 배워보는 순수
1500,있는 인프런 강의,10,있는 인프런 강의
487,ui 개발로 배워보는,10,ui 개발로 배워보는
1514,자바 스프링 프레임워크,10,자바 스프링 프레임워크
832,데이터 분석 시작하기,10,데이터 분석 시작하기
740,관심 있는 인프런 강의,10,관심 있는 인프런 강의
1876,프로그래밍 시작하기 파이썬 입문 inflearn,10,프로그래밍 시작하기 파이썬 입문
1783,파이썬 입문 inflearn original,10,파이썬 입문 inflearn original
1195,시작하는 머신러닝 입문,10,시작하는 머신러닝 입문
1190,시작하기 파이썬 입문 inflearn,10,시작하기 파이썬 입문 inflearn
1208,실습 ui 개발로,10,실습 ui 개발로
1745,파이썬 데이터 분석 시작하기,10,파이썬 데이터 분석 시작하기
1209,실습 ui 개발로 배워보는,10,실습 ui 개발로 배워보는
1782,파이썬 입문 inflearn,10,파이썬 입문 inflearn
1200,신입 프로그래머를 위한 강좌,10,신입 프로그래머를 위한 강좌
1229,싶습니다 관심있는 인프런,9,싶습니다 관심있는 인프런
956,밑바닥 부터 시작하는 머신러닝,9,밑바닥 부터 시작하는 머신러닝
707,게임을 만들며 배우는 자바스크립트,9,게임을 만들며 배우는 자바스크립트
489,ui 개발로 배워보는 순수 javascript,9,ui 개발로 배워보는 순수
912,만드는 django 인스타그램 클론,9,만드는 django 인스타그램 클론
911,만드는 django 인스타그램,9,만드는 django 인스타그램
100,django 인스타그램 클론 강의,9,django 인스타그램 클론 강의
1426,인터랙티브 개발 제대로 시작하기,9,인터랙티브 개발 제대로 시작하기
1425,인터랙티브 개발 제대로,9,인터랙티브 개발 제대로
1021,부터 시작하는 머신러닝 입문,9,부터 시작하는 머신러닝 입문
692,개발자가 되고 싶습니다,9,개발자가 되고 싶습니다
1020,부터 시작하는 머신러닝,9,부터 시작하는 머신러닝
1211,실습 ui 개발로 배워보는 순수 javascript,9,실습 ui 개발로 배워보는
676,개발로 배워보는 순수 javascript,9,개발로 배워보는 순수 javascript
220,javascript vuejs 개발,9,javascript vuejs 개발
995,배워보는 순수 javascript vuejs,9,배워보는 순수 javascript vuejs
994,배워보는 순수 javascript,9,배워보는 순수 javascript
889,리눅스 시스템 프로그래밍,9,리눅스 시스템 프로그래밍
955,밑바닥 부터 시작하는,9,밑바닥 부터 시작하는
531,vue js 중급 강좌,9,vue js 중급 강좌
99,django 인스타그램 클론,9,django 인스타그램 클론
1098,순수 javascript vuejs 개발,9,순수 javascript vuejs 개발
1097,순수 javascript vuejs,9,순수 javascript vuejs
1327,웹앱 제작으로 배워보는,9,웹앱 제작으로 배워보는
924,만들며 배우는 자바스크립트,9,만들며 배우는 자바스크립트
1094,손으로 만드는 django 인스타그램,9,손으로 만드는 django 인스타그램
1093,손으로 만드는 django,9,손으로 만드는 django
530,vue js 중급,9,vue js 중급
299,js 중급 강좌,9,js 중급 강좌
85,db mysql 기본부터,8,db mysql 기본부터
472,tdd 개발 방법론을,8,tdd 개발 방법론을
1588,제주코딩베이스캠프 code festival,8,제주코딩베이스캠프 code festival
462,sql db mysql 기본부터,8,sql db mysql 기본부터
473,tdd 개발 방법론을 활용한,8,tdd 개발 방법론을 활용한
1882,프로그래밍 이론과 실습,8,프로그래밍 이론과 실습
1883,프로그래밍 입문 강좌,8,프로그래밍 입문 강좌
1117,스프링 mvc 스프링,8,스프링 mvc 스프링
300,js 중급 강좌 웹앱,8,js 중급 강좌 웹앱
1602,중급 강좌 웹앱 제작으로,8,중급 강좌 웹앱 제작으로
657,개발 방법론을 활용한,8,개발 방법론을 활용한
658,개발 방법론을 활용한 react,8,개발 방법론을 활용한 react
1534,자바 프로그래밍 입문 강좌,8,자바 프로그래밍 입문 강좌
1601,중급 강좌 웹앱,8,중급 강좌 웹앱
391,react native 개발,8,react native 개발
1328,웹앱 제작으로 배워보는 vue,8,웹앱 제작으로 배워보는 vue
25,3dsmax 초급부터 전문가까지 한방에,8,3dsmax 초급부터 전문가까지 한방에
24,3dsmax 초급부터 전문가까지,8,3dsmax 초급부터 전문가까지
990,배워보는 vue js,8,배워보는 vue js
461,sql db mysql,8,sql db mysql
1583,제작으로 배워보는 vue js,8,제작으로 배워보는 vue js
86,db mysql 기본부터 파이썬,8,db mysql 기본부터 파이썬
639,강좌 웹앱 제작으로,8,강좌 웹앱 제작으로
331,mysql 기본부터 파이썬 데이터분석,8,mysql 기본부터 파이썬 데이터분석
494,ver 신입 프로그래머를 위한,8,ver 신입 프로그래머를 위한
493,ver 신입 프로그래머를,8,ver 신입 프로그래머를
959,방법론을 활용한 react,8,방법론을 활용한 react
1746,파이썬 데이터분석 활용까지,8,파이썬 데이터분석 활용까지
1628,초급부터 전문가까지 한방에,8,초급부터 전문가까지 한방에
1991,활용한 react native,8,활용한 react native
1629,초급부터 전문가까지 한방에 끝내는,8,초급부터 전문가까지 한방에 끝내는
1564,전문가까지 한방에 끝내는,8,전문가까지 한방에 끝내는
532,vue js 중급 강좌 웹앱,8,vue js 중급 강좌
960,방법론을 활용한 react native,8,방법론을 활용한 react native
789,기본부터 파이썬 데이터분석,8,기본부터 파이썬 데이터분석
790,기본부터 파이썬 데이터분석 활용까지,8,기본부터 파이썬 데이터분석 활용까지
1582,제작으로 배워보는 vue,8,제작으로 배워보는 vue
640,강좌 웹앱 제작으로 배워보는,8,강좌 웹앱 제작으로 배워보는
1992,활용한 react native 개발,8,활용한 react native 개발
330,mysql 기본부터 파이썬,8,mysql 기본부터 파이썬
792,기본적인 머신러닝과 딥러닝,7,기본적인 머신러닝과 딥러닝
436,router 프론트엔드 실전 기술,7,router 프론트엔드 실전 기술
895,리버싱 분석 초급과정,7,리버싱 분석 초급과정
799,끝내는 3dsmax 강좌,7,끝내는 3dsmax 강좌
1735,트렐로 개발로 배우는 vuejs,7,트렐로 개발로 배우는 vuejs
547,vuex vue router 프론트엔드,7,vuex vue router 프론트엔드
859,딥러닝 영상처리 프로젝트,7,딥러닝 영상처리 프로젝트
1734,트렐로 개발로 배우는,7,트렐로 개발로 배우는
1773,파이썬 사용자를 위한,7,파이썬 사용자를 위한
503,vue js es6 vuex,7,vue js es6 vuex
502,vue js es6,7,vue js es6
641,강좌 웹앱 제작으로 배워보는 vue,7,강좌 웹앱 제작으로 배워보는
856,딥러닝 기본적인 머신러닝과,7,딥러닝 기본적인 머신러닝과
857,딥러닝 기본적인 머신러닝과 딥러닝,7,딥러닝 기본적인 머신러닝과 딥러닝
1751,파이썬 딥러닝 영상처리,7,파이썬 딥러닝 영상처리
860,딥러닝 영상처리 프로젝트 찾아라,7,딥러닝 영상처리 프로젝트 찾아라
546,vuex vue router,7,vuex vue router
1752,파이썬 딥러닝 영상처리 프로젝트,7,파이썬 딥러닝 영상처리 프로젝트
534,vue router 프론트엔드,7,vue router 프론트엔드
535,vue router 프론트엔드 실전,7,vue router 프론트엔드 실전
539,vuejs vuex vue,7,vuejs vuex vue
540,vuejs vuex vue router,7,vuejs vuex vue router
876,따라하며 배우는 따라하며,7,따라하며 배우는 따라하며
479,to django bootstrap,7,to django bootstrap
877,따라하며 배우는 따라하며 배우는,7,따라하며 배우는 따라하며 배우는
1774,파이썬 사용자를 위한 웹개발,7,파이썬 사용자를 위한 웹개발
1610,진짜 입문자를 위한 클라우드와,7,진짜 입문자를 위한 클라우드와
671,개발로 배우는 vuejs,7,개발로 배우는 vuejs
1366,위한 웹개발 입문 to,7,위한 웹개발 입문 to
368,opencv 파이썬 딥러닝 영상처리,7,opencv 파이썬 딥러닝 영상처리
367,opencv 파이썬 딥러닝,7,opencv 파이썬 딥러닝
272,js vue js,7,js vue js
1347,위한 딥러닝 기본적인 머신러닝과,7,위한 딥러닝 기본적인 머신러닝과
1346,위한 딥러닝 기본적인,7,위한 딥러닝 기본적인
1330,웹앱 제작으로 배워보는 vue js es6,7,웹앱 제작으로 배워보는 vue
1630,초급부터 전문가까지 한방에 끝내는 3dsmax,7,초급부터 전문가까지 한방에 끝내는
1930,한방에 끝내는 3dsmax,7,한방에 끝내는 3dsmax
1544,자바스크립트 중고급 javascript의,7,자바스크립트 중고급 javascript의
1931,한방에 끝내는 3dsmax 강좌,7,한방에 끝내는 3dsmax 강좌
672,개발로 배우는 vuejs vuex,7,개발로 배우는 vuejs vuex
1311,웹개발 입문 to django,7,웹개발 입문 to django
1079,사용자를 위한 웹개발,7,사용자를 위한 웹개발
1080,사용자를 위한 웹개발 입문,7,사용자를 위한 웹개발 입문
1310,웹개발 입문 to,7,웹개발 입문 to
1230,싶습니다 관심있는 인프런 강의명,7,싶습니다 관심있는 인프런 강의명
1609,진짜 입문자를 위한,7,진짜 입문자를 위한
1277,영상처리 프로젝트 찾아라,7,영상처리 프로젝트 찾아라
1565,전문가까지 한방에 끝내는 3dsmax,7,전문가까지 한방에 끝내는 3dsmax
1365,위한 웹개발 입문,7,위한 웹개발 입문
268,js es6 vuex,7,js es6 vuex
36,api 개발 스프링,7,api 개발 스프링
976,배우는 따라하며 배우는,7,배우는 따라하며 배우는
943,모두를 위한 딥러닝 기본적인,7,모두를 위한 딥러닝 기본적인
1908,프론트엔드 실전 기술,7,프론트엔드 실전 기술
1465,입문 to django bootstrap,7,입문 to django bootstrap
430,rest api 개발 스프링,7,rest api 개발 스프링
1464,입문 to django,7,입문 to django
27,3dsmax 초급부터 전문가까지 한방에 끝내는 3dsmax,7,3dsmax 초급부터 전문가까지 한방에
1584,제작으로 배워보는 vue js es6,7,제작으로 배워보는 vue js
435,router 프론트엔드 실전,7,router 프론트엔드 실전
964,배우는 vuejs vuex,7,배우는 vuejs vuex
965,배우는 vuejs vuex vue,7,배우는 vuejs vuex vue
991,배워보는 vue js es6,7,배워보는 vue js es6
1604,중급 강좌 웹앱 제작으로 배워보는 vue,7,중급 강좌 웹앱 제작으로
1493,입문자를 위한 클라우드와,7,입문자를 위한 클라우드와
1494,입문자를 위한 클라우드와 aws,7,입문자를 위한 클라우드와 aws
1371,위한 클라우드와 aws,7,위한 클라우드와 aws
1372,위한 파이썬 입문,7,위한 파이썬 입문
793,기본적인 머신러닝과 딥러닝 강좌,6,기본적인 머신러닝과 딥러닝 강좌
1179,시스템 프로그래밍 이론과 실습,6,시스템 프로그래밍 이론과 실습
797,기술로 앱을 만들자,6,기술로 앱을 만들자
1929,하지만 견고한 자료로,6,하지만 견고한 자료로
1178,시스템 프로그래밍 이론과,6,시스템 프로그래밍 이론과
1577,제대로 알아보기 초급,6,제대로 알아보기 초급
1267,엑셀 데이터 분석과 차트,6,엑셀 데이터 분석과 차트
1567,정말 쉽게 풀어보는,6,정말 쉽게 풀어보는
1188,시작하기 기술로 앱을 만들자,6,시작하기 기술로 앱을 만들자
1187,시작하기 기술로 앱을,6,시작하기 기술로 앱을
779,기반 rest api 개발 스프링,6,기반 rest api 개발
1266,엑셀 데이터 분석과,6,엑셀 데이터 분석과
1186,시작하기 age of vue js vue,6,시작하기 age of vue
1316,웹게임을 만들며 배우는,6,웹게임을 만들며 배우는
773,근본적인 핵심 이해하기,6,근본적인 핵심 이해하기
1274,영리한 프로그래밍을 위한,6,영리한 프로그래밍을 위한
1468,입문 강좌 renew,6,입문 강좌 renew
30,age of vue js vue,6,age of vue js
32,android pie app,6,android pie app
33,android pie app 개발,6,android pie app 개발
648,개념과 활용 스프링,6,개념과 활용 스프링
1515,자바 스프링 프레임워크 renew,6,자바 스프링 프레임워크 renew
1686,크롤링기초 부트캠프 쉽게 하지만,6,크롤링기초 부트캠프 쉽게 하지만
1685,크롤링기초 부트캠프 쉽게,6,크롤링기초 부트캠프 쉽게
1678,코틀린 기반 안드로이드,6,코틀린 기반 안드로이드
731,과학을 위한 파이썬,6,과학을 위한 파이썬
732,과학을 위한 파이썬 입문,6,과학을 위한 파이썬 입문
1360,위한 알고리즘 강좌,6,위한 알고리즘 강좌
1535,자바 프로그래밍 입문 강좌 renew,6,자바 프로그래밍 입문 강좌
1349,위한 딥러닝 기본적인 머신러닝과 딥러닝 강좌,6,위한 딥러닝 기본적인 머신러닝과
233,javascript의 근본적인 핵심,6,javascript의 근본적인 핵심
1545,자바스크립트 중고급 javascript의 근본적인,6,자바스크립트 중고급 javascript의 근본적인
1278,예민한 ux 디자인,6,예민한 ux 디자인
118,es6 제대로 알아보기 초급,6,es6 제대로 알아보기 초급
1275,영리한 프로그래밍을 위한 알고리즘,6,영리한 프로그래밍을 위한 알고리즘
1154,스프링 프레임워크 renew,6,스프링 프레임워크 renew
932,머신러닝과 딥러닝 강좌,6,머신러닝과 딥러닝 강좌
213,javascript es6 제대로 알아보기 초급,6,javascript es6 제대로 알아보기
1055,분석과 차트 시각화,6,분석과 차트 시각화
836,데이터 분석과 차트 시각화,6,데이터 분석과 차트 시각화
1884,프로그래밍 입문 강좌 renew,6,프로그래밍 입문 강좌 renew
508,vue js vue js,6,vue js vue js
1871,프로그래밍 데이터 과학을 위한,6,프로그래밍 데이터 과학을 위한
1870,프로그래밍 데이터 과학을,6,프로그래밍 데이터 과학을
858,딥러닝 기본적인 머신러닝과 딥러닝 강좌,6,딥러닝 기본적인 머신러닝과 딥러닝
1612,차별화된 엑셀 데이터,6,차별화된 엑셀 데이터
1613,차별화된 엑셀 데이터 분석과,6,차별화된 엑셀 데이터 분석과
1035,부트캠프 쉽게 하지만 견고한,6,부트캠프 쉽게 하지만 견고한
830,데이터 과학을 위한 파이썬,6,데이터 과학을 위한 파이썬
234,javascript의 근본적인 핵심 이해하기,6,javascript의 근본적인 핵심 이해하기
1034,부트캠프 쉽게 하지만,6,부트캠프 쉽게 하지만
1632,초보부터 개발자 취업까지,6,초보부터 개발자 취업까지
481,top 기본 문제,6,top 기본 문제
890,리눅스 시스템 프로그래밍 이론과,6,리눅스 시스템 프로그래밍 이론과
364,of vue js vue,6,of vue js vue
376,pie app 개발,6,pie app 개발
380,pwa 시작하기 기술로 앱을,6,pwa 시작하기 기술로 앱을
835,데이터 분석과 차트,6,데이터 분석과 차트
507,vue js vue,6,vue js vue
379,pwa 시작하기 기술로,6,pwa 시작하기 기술로
1597,중고급 javascript의 근본적인,6,중고급 javascript의 근본적인
1896,프로그래밍을 위한 알고리즘,6,프로그래밍을 위한 알고리즘
1898,프로들만의 차별화된 엑셀,6,프로들만의 차별화된 엑셀
1129,스프링 데이터 jpa 스프링,6,스프링 데이터 jpa 스프링
1127,스프링 기반 rest api 개발 스프링,6,스프링 기반 rest api
1899,프로들만의 차별화된 엑셀 데이터,6,프로들만의 차별화된 엑셀 데이터
827,데이터 jpa 스프링,6,데이터 jpa 스프링
829,데이터 과학을 위한,6,데이터 과학을 위한
1897,프로그래밍을 위한 알고리즘 강좌,6,프로그래밍을 위한 알고리즘 강좌
418,renew ver 신입,6,renew ver 신입
419,renew ver 신입 프로그래머를,6,renew ver 신입 프로그래머를
1598,중고급 javascript의 근본적인 핵심,6,중고급 javascript의 근본적인 핵심
1109,쉽게 하지만 견고한 자료로,6,쉽게 하지만 견고한 자료로
1108,쉽게 하지만 견고한,6,쉽게 하지만 견고한
1817,파이썬입문과 크롤링기초 부트캠프 쉽게,6,파이썬입문과 크롤링기초 부트캠프 쉽게
1375,위해 제대로 배워보는,5,위해 제대로 배워보는
1652,취업을 위해 제대로,5,취업을 위해 제대로
1387,유니티 게임 개발,5,유니티 게임 개발
1516,자바 스프링 프레임워크 renew ver,5,자바 스프링 프레임워크 renew
1657,케라스 인공지능의 공용어,5,케라스 인공지능의 공용어
923,만들며 배우는 typescript,5,만들며 배우는 typescript
1416,이해 docker hands,5,이해 docker hands
1653,취업을 위해 제대로 배워보는,5,취업을 위해 제대로 배워보는
687,개발을 위한 swift5,5,개발을 위한 swift5
892,리버스쿨 level1 리버싱,5,리버스쿨 level1 리버싱
1417,이해 docker hands on,5,이해 docker hands on
914,만드는 nodejs api,5,만드는 nodejs api
1498,있는 안드로이드 개발,5,있는 안드로이드 개발
915,만드는 nodejs api 서버,5,만드는 nodejs api 서버
1702,테스트 top 기본 문제,5,테스트 top 기본 문제
893,리버스쿨 level1 리버싱 분석,5,리버스쿨 level1 리버싱 분석
1658,케라스 인공지능의 공용어 완전정복,5,케라스 인공지능의 공용어 완전정복
969,배우는 게임 만들기 연습,5,배우는 게임 만들기 연습
882,런칭까지 제주 코딩 베이스캠프,5,런칭까지 제주 코딩 베이스캠프
1701,테스트 top 기본,5,테스트 top 기본
688,개발을 위한 swift5 완벽,5,개발을 위한 swift5 완벽
968,배우는 게임 만들기,5,배우는 게임 만들기
1422,인공지능의 공용어 완전정복,5,인공지능의 공용어 완전정복
1587,제주 코딩 베이스캠프 django,5,제주 코딩 베이스캠프 django
1679,코틀린 기반 안드로이드 앱개발,5,코틀린 기반 안드로이드 앱개발
881,런칭까지 제주 코딩,5,런칭까지 제주 코딩
1155,스프링 프레임워크 renew ver,5,스프링 프레임워크 renew ver
1586,제주 코딩 베이스캠프,5,제주 코딩 베이스캠프
1590,제주코딩베이스캠프 code festival python,5,제주코딩베이스캠프 code festival python
1165,스프링 프레임워크 핵심 기술 스프링,5,스프링 프레임워크 핵심 기술
817,누구나 있는 안드로이드 개발,5,누구나 있는 안드로이드 개발
816,누구나 있는 안드로이드,5,누구나 있는 안드로이드
1220,실전 웹사이트 만들기,5,실전 웹사이트 만들기
1568,정말 쉽게 풀어보는 코딩,5,정말 쉽게 풀어보는 코딩
1105,쉽게 풀어보는 코딩 테스트,5,쉽게 풀어보는 코딩 테스트
1104,쉽게 풀어보는 코딩,5,쉽게 풀어보는 코딩
781,기반 안드로이드 앱개발,5,기반 안드로이드 앱개발
1099,쉽게 배우는 webpack,5,쉽게 배우는 webpack
847,디자인 패턴 with,5,디자인 패턴 with
848,디자인 패턴 with java,5,디자인 패턴 with java
1321,웹서비스 런칭까지 제주,5,웹서비스 런칭까지 제주
1322,웹서비스 런칭까지 제주 코딩,5,웹서비스 런칭까지 제주 코딩
762,관심있는 인프런 강의,5,관심있는 인프런 강의
1340,위한 swift5 완벽,5,위한 swift5 완벽
1663,코딩 베이스캠프 django,5,코딩 베이스캠프 django
868,따라하며 배우는 게임,5,따라하며 배우는 게임
1664,코딩 테스트 top,5,코딩 테스트 top
1665,코딩 테스트 top 기본,5,코딩 테스트 top 기본
869,따라하며 배우는 게임 만들기,5,따라하며 배우는 게임 만들기
1674,코알못에서 웹서비스 런칭까지,5,코알못에서 웹서비스 런칭까지
1675,코알못에서 웹서비스 런칭까지 제주,5,코알못에서 웹서비스 런칭까지 제주
1341,위한 swift5 완벽 가이드,5,위한 swift5 완벽 가이드
755,관심있는 강의 파이썬,5,관심있는 강의 파이썬
477,tdd 만드는 nodejs api,5,tdd 만드는 nodejs api
1802,파이썬으로 실전 웹사이트 만들기,5,파이썬으로 실전 웹사이트 만들기
1853,프레임워크 renew ver,5,프레임워크 renew ver
1850,풀어보는 코딩 테스트 top,5,풀어보는 코딩 테스트 top
555,with java gof,5,with java gof
366,of vue js vue js 중급,5,of vue js vue
1832,퍼블리셔 취업을 위해 제대로,5,퍼블리셔 취업을 위해 제대로
1801,파이썬으로 실전 웹사이트,5,파이썬으로 실전 웹사이트
509,vue js vue js 중급,5,vue js vue js
1849,풀어보는 코딩 테스트,5,풀어보는 코딩 테스트
476,tdd 만드는 nodejs,5,tdd 만드는 nodejs
470,swift5 완벽 가이드,5,swift5 완벽 가이드
1862,프레임워크 핵심 기술 스프링,5,프레임워크 핵심 기술 스프링
106,docker hands on,5,docker hands on
104,do it 자바 프로그래밍,5,do it 자바 프로그래밍
103,do it 자바,5,do it 자바
437,r로 하는 크롤링,5,r로 하는 크롤링
193,it 자바 프로그래밍,5,it 자바 프로그래밍
194,it 자바 프로그래밍 입문,5,it 자바 프로그래밍 입문
98,django 연동 프로그래밍,5,django 연동 프로그래밍
68,code festival python,5,code festival python
1968,핵심 기술 스프링,5,핵심 기술 스프링
73,css 그리고 웹표준,5,css 그리고 웹표준
358,nodejs api 서버,5,nodejs api 서버
1888,프로그래밍 핵심 기초,5,프로그래밍 핵심 기초
499,vue js django,5,vue js django
313,level1 리버싱 분석,5,level1 리버싱 분석
1706,테스트주도개발 tdd 만드는 nodejs,5,테스트주도개발 tdd 만드는 nodejs
92,devops의 이해 docker,5,devops의 이해 docker
93,devops의 이해 docker hands,5,devops의 이해 docker hands
500,vue js django 연동,5,vue js django 연동
314,level1 리버싱 분석 초급과정,5,level1 리버싱 분석 초급과정
529,vue js 완벽가이드,5,vue js 완벽가이드
1705,테스트주도개발 tdd 만드는,5,테스트주도개발 tdd 만드는
1829,패턴 with java,5,패턴 with java
512,vue js 관련,5,vue js 관련
273,js vue js 중급,5,js vue js 중급
1830,패턴 with java gof,5,패턴 with java gof
267,js django 연동 프로그래밍,5,js django 연동 프로그래밍
266,js django 연동,5,js django 연동
1831,퍼블리셔 취업을 위해,5,퍼블리셔 취업을 위해
930,머신러닝 완전정복 마라톤 기록예측,4,머신러닝 완전정복 마라톤 기록예측
936,모던 자바스크립트 javascript 개발을,4,모던 자바스크립트 javascript 개발을
935,모던 자바스크립트 javascript,4,모던 자바스크립트 javascript
1938,함수형 프로그래밍과 javascript es6 함수형,4,함수형 프로그래밍과 javascript es6
151,html과 css 그리고 웹표준,4,html과 css 그리고 웹표준
176,ios 개발을 위한 swift5,4,ios 개발을 위한 swift5
175,ios 개발을 위한,4,ios 개발을 위한
433,rest api 개발 스프링 시큐리티,4,rest api 개발 스프링
929,머신러닝 완전정복 마라톤,4,머신러닝 완전정복 마라톤
134,flutter 중급 http통신,4,flutter 중급 http통신
926,만들어보며 배우는 언리얼 게임,4,만들어보며 배우는 언리얼 게임
925,만들어보며 배우는 언리얼,4,만들어보며 배우는 언리얼
1282,완벽 가이드 실무 프로젝트를,4,완벽 가이드 실무 프로젝트를
1281,완벽 가이드 실무,4,완벽 가이드 실무
497,ver 초보부터 개발자 취업까지,4,ver 초보부터 개발자 취업까지
496,ver 초보부터 개발자,4,ver 초보부터 개발자
1279,예제로 배우는 스프링,4,예제로 배우는 스프링
117,es6 제대로 알아보기 중급,4,es6 제대로 알아보기 중급
121,es6 함수형 프로그래밍과,4,es6 함수형 프로그래밍과
122,es6 함수형 프로그래밍과 javascript,4,es6 함수형 프로그래밍과 javascript
482,top 기본 문제 with,4,top 기본 문제 with
872,따라하며 배우는 노드,4,따라하며 배우는 노드
873,따라하며 배우는 노드 리액트,4,따라하며 배우는 노드 리액트
1262,언어 기본 javascript,4,언어 기본 javascript
1204,실무까지 devops의 이해 docker,4,실무까지 devops의 이해 docker
135,flutter 중급 http통신 상태관리,4,flutter 중급 http통신 상태관리
1806,파이썬을 이용한 it,4,파이썬을 이용한 it
1807,파이썬을 이용한 it 해킹과,4,파이썬을 이용한 it 해킹과
1247,애플리케이션 개발 실전,4,애플리케이션 개발 실전
142,go언어 프로그래밍 핵심,4,go언어 프로그래밍 핵심
910,마라톤 기록예측 프로젝트,4,마라톤 기록예측 프로젝트
143,go언어 프로그래밍 핵심 기초,4,go언어 프로그래밍 핵심 기초
150,html과 css 그리고,4,html과 css 그리고
952,문제 with 자바,4,문제 with 자바
972,배우는 노드 리액트,4,배우는 노드 리액트
1203,실무까지 devops의 이해,4,실무까지 devops의 이해
221,javascript 개발을 위한,4,javascript 개발을 위한
1017,부동산 dapp 만들기,4,부동산 dapp 만들기
1018,부동산 dapp 만들기 기본편,4,부동산 dapp 만들기 기본편
1151,스프링 시큐리티 스프링,4,스프링 시큐리티 스프링
1023,부트 개념과 활용 스프링,4,부트 개념과 활용 스프링
235,java기반 android pie,4,java기반 android pie
1140,스프링 부트 개념과 활용 스프링,4,스프링 부트 개념과 활용
1028,부트와 jpa 활용1 애플리케이션 개발 실전,4,부트와 jpa 활용1 애플리케이션
1854,프레임워크 renew ver 신입,4,프레임워크 renew ver 신입
1893,프로그래밍과 javascript es6 함수형,4,프로그래밍과 javascript es6 함수형
260,jpa 활용1 애플리케이션 개발 실전,4,jpa 활용1 애플리케이션 개발
1118,스프링 mvc 스프링 기반,4,스프링 mvc 스프링 기반
1889,프로그래밍 핵심 기초 입문,4,프로그래밍 핵심 기초 입문
1600,중급 http통신 상태관리,4,중급 http통신 상태관리
1110,쉽고 빠르게 끝내는,4,쉽고 빠르게 끝내는
1885,프로그래밍 입문 강좌 renew ver,4,프로그래밍 입문 강좌 renew
1064,블록체인 어플리케이션 만들기,4,블록체인 어플리케이션 만들기
307,js로 서비스 만들기,4,js로 서비스 만들기
1066,블록체인 이더리움 부동산,4,블록체인 이더리움 부동산
1067,블록체인 이더리움 부동산 dapp,4,블록체인 이더리움 부동산 dapp
1075,빠르게 끝내는 go언어 프로그래밍,4,빠르게 끝내는 go언어 프로그래밍
325,mvc 스프링 기반 rest,4,mvc 스프링 기반 rest
1156,스프링 프레임워크 renew ver 신입,4,스프링 프레임워크 renew ver
216,javascript es6 함수형 프로그래밍과,4,javascript es6 함수형 프로그래밍과
1201,실무 프로젝트를 위한,4,실무 프로젝트를 위한
1010,벡터 미적분학 시리즈,4,벡터 미적분학 시리즈
423,renew ver 초보부터 개발자,4,renew ver 초보부터 개발자
422,renew ver 초보부터,4,renew ver 초보부터
1571,정보보안 개인정보보호 특강,4,정보보안 개인정보보호 특강
1572,제대로 배워보는 html과,4,제대로 배워보는 html과
973,배우는 노드 리액트 시리즈,4,배우는 노드 리액트 시리즈
1834,퍼블리셔 취업을 위해 제대로 배워보는 html과,4,퍼블리셔 취업을 위해 제대로
192,it 안드로이드 프로그래밍,4,it 안드로이드 프로그래밍
199,it 해킹과 보안,4,it 해킹과 보안
982,배우는 언리얼 게임,4,배우는 언리얼 게임
1654,취업을 위해 제대로 배워보는 html과,4,취업을 위해 제대로 배워보는
987,배워보는 html과 css,4,배워보는 html과 css
988,배워보는 html과 css 그리고,4,배워보는 html과 css 그리고
1573,제대로 배워보는 html과 css,4,제대로 배워보는 html과 css
1576,제대로 알아보기 중급,4,제대로 알아보기 중급
390,react js로 서비스 만들기,4,react js로 서비스 만들기
389,react js로 서비스,4,react js로 서비스
1000,배틀로얄 게임을 만들어보며,4,배틀로얄 게임을 만들어보며
1001,배틀로얄 게임을 만들어보며 배우는,4,배틀로얄 게임을 만들어보며 배우는
212,javascript es6 제대로 알아보기 중급,4,javascript es6 제대로 알아보기
1168,스프링 프레임워크 핵심기술,4,스프링 프레임워크 핵심기술
215,javascript es6 함수형,4,javascript es6 함수형
1296,완전정복 마라톤 기록예측,4,완전정복 마라톤 기록예측
1074,빠르게 끝내는 go언어,4,빠르게 끝내는 go언어
1297,완전정복 마라톤 기록예측 프로젝트,4,완전정복 마라톤 기록예측 프로젝트
784,기본 문제 with,4,기본 문제 with
1517,자바 스프링 프레임워크 renew ver 신입,4,자바 스프링 프레임워크 renew
1403,이더리움 부동산 dapp 만들기,4,이더리움 부동산 dapp 만들기
1402,이더리움 부동산 dapp,4,이더리움 부동산 dapp
67,code festival javascript,4,code festival javascript
1376,위해 제대로 배워보는 html과,4,위해 제대로 배워보는 html과
765,관심있는 인프런 강의명 파이썬,4,관심있는 인프런 강의명 파이썬
84,dapp 만들기 기본편,4,dapp 만들기 기본편
1536,자바 프로그래밍 입문 강좌 renew ver,4,자바 프로그래밍 입문 강좌
785,기본 문제 with 자바,4,기본 문제 with 자바
800,끝내는 go언어 프로그래밍,4,끝내는 go언어 프로그래밍
1767,파이썬 머신러닝 완전정복,4,파이썬 머신러닝 완전정복
1538,자바스크립트 javascript 개발을,4,자바스크립트 javascript 개발을
569,가이드 실무 프로젝트를 위한,4,가이드 실무 프로젝트를 위한
568,가이드 실무 프로젝트를,4,가이드 실무 프로젝트를
101,do it 안드로이드,4,do it 안드로이드
102,do it 안드로이드 프로그래밍,4,do it 안드로이드 프로그래밍
1768,파이썬 머신러닝 완전정복 마라톤,4,파이썬 머신러닝 완전정복 마라톤
798,기초 입문 과정,4,기초 입문 과정
1407,이용한 it 해킹과,4,이용한 it 해킹과
1408,이용한 it 해킹과 보안,4,이용한 it 해킹과 보안
1410,이용한 어플리케이션 개발하기,4,이용한 어플리케이션 개발하기
1973,핵심 기초 입문,4,핵심 기초 입문
663,개발 스프링 시큐리티,4,개발 스프링 시큐리티
1469,입문 강좌 renew ver,4,입문 강좌 renew ver
18,2020년 공부 목표는,4,2020년 공부 목표는
1985,활용1 애플리케이션 개발 실전,4,활용1 애플리케이션 개발 실전
1489,입문에서 실무까지 devops의,4,입문에서 실무까지 devops의
1490,입문에서 실무까지 devops의 이해,4,입문에서 실무까지 devops의 이해
39,api 개발 스프링 시큐리티,4,api 개발 스프링 시큐리티
1447,인프런 강의명 파이썬,4,인프런 강의명 파이썬
708,게임을 만들어보며 배우는,4,게임을 만들어보며 배우는
709,게임을 만들어보며 배우는 언리얼,4,게임을 만들어보며 배우는 언리얼
1978,화이트해커가 되기 위한,4,화이트해커가 되기 위한
1720,텐서플로2 파이썬 머신러닝,4,텐서플로2 파이썬 머신러닝
729,공부를 하고 싶습니다,4,공부를 하고 싶습니다
1974,핵심 기초 입문 과정,4,핵심 기초 입문 과정
627,강좌 renew ver 초보부터,4,강좌 renew ver 초보부터
626,강좌 renew ver,4,강좌 renew ver
1721,텐서플로2 파이썬 머신러닝 완전정복,4,텐서플로2 파이썬 머신러닝 완전정복
1539,자바스크립트 javascript 개발을 위한,4,자바스크립트 javascript 개발을 위한
324,mvc 스프링 기반,4,mvc 스프링 기반
1543,자바스크립트 언어 기본 javascript,4,자바스크립트 언어 기본 javascript
1317,웹게임을 만들며 배우는 typescript,4,웹게임을 만들며 배우는 typescript
833,데이터 분석과 시각화,4,데이터 분석과 시각화
801,끝내는 go언어 프로그래밍 핵심,4,끝내는 go언어 프로그래밍 핵심
812,노드 리액트 시리즈,4,노드 리액트 시리즈
822,다양한 방법 스프링,4,다양한 방법 스프링
1542,자바스크립트 언어 기본,4,자바스크립트 언어 기본
52,bert rnn cnn,3,bert rnn cnn
53,bert rnn cnn 최신기법,3,bert rnn cnn 최신기법
1424,인스타그램 클론 만들기,3,인스타그램 클론 만들기
1415,이용한 홈페이지 개발,3,이용한 홈페이지 개발
1979,화이트해커가 되기 위한 모의해킹,3,화이트해커가 되기 위한 모의해킹
1549,자바스크립트로 알아보는 함수형 프로그래밍,3,자바스크립트로 알아보는 함수형 프로그래밍
1589,제주코딩베이스캠프 code festival javascript,3,제주코딩베이스캠프 code festival javascript
49,autolayout 완벽 가이드 실무,3,autolayout 완벽 가이드 실무
230,javascript 핵심 개념 알아보기,3,javascript 핵심 개념 알아보기
1421,인공지능 머신러닝까지 학습 로드맵,3,인공지능 머신러닝까지 학습 로드맵
1420,인공지능 머신러닝까지 학습,3,인공지능 머신러닝까지 학습
1419,이해하기 with 자바,3,이해하기 with 자바
229,javascript 핵심 개념,3,javascript 핵심 개념
1162,스프링 프레임워크 입문,3,스프링 프레임워크 입문
222,javascript 개발을 위한 es6,3,javascript 개발을 위한 es6
1507,자료구조 여러가지 예제 실습,3,자료구조 여러가지 예제 실습
1548,자바스크립트로 알아보는 함수형,3,자바스크립트로 알아보는 함수형
1309,웹개발 기본 강좌,3,웹개발 기본 강좌
1956,해킹 해커의 컴퓨팅,3,해킹 해커의 컴퓨팅
1166,스프링 프레임워크 핵심 기술 스프링 부트,3,스프링 프레임워크 핵심 기술
111,es6 vuex vue js,3,es6 vuex vue js
110,es6 vuex vue,3,es6 vuex vue
1272,여러가지 예제 실습,3,여러가지 예제 실습
206,java 기반 android pie,3,java 기반 android pie
1556,장의 문서로 데이터,3,장의 문서로 데이터
1947,해외취업 asp net core,3,해외취업 asp net core
1176,시리즈 유튜브 사이트,3,시리즈 유튜브 사이트
1177,시리즈 유튜브 사이트 만들기,3,시리즈 유튜브 사이트 만들기
48,autolayout 완벽 가이드,3,autolayout 완벽 가이드
1246,알아보는 함수형 프로그래밍,3,알아보는 함수형 프로그래밍
1280,예제로 배우는 스프링 입문,3,예제로 배우는 스프링 입문
284,js 끝장내기 실무에,3,js 끝장내기 실무에
1087,성공하는 것이 목표입니다,3,성공하는 것이 목표입니다
1292,완전정복 gan bert,3,완전정복 gan bert
323,mvc spring 핵심강의,3,mvc spring 핵심강의
1479,입문 악성코드 샘플 분석,3,입문 악성코드 샘플 분석
1478,입문 악성코드 샘플,3,입문 악성코드 샘플
1291,완전 정복 로드맵,3,완전 정복 로드맵
309,klaytn 클레이튼 블록체인 어플리케이션,3,klaytn 클레이튼 블록체인 어플리케이션
308,klaytn 클레이튼 블록체인,3,klaytn 클레이튼 블록체인
17,2020년 공부 목표 현재,3,2020년 공부 목표 현재
1290,완벽 이해하기 with 자바,3,완벽 이해하기 with 자바
1986,활용1 애플리케이션 개발 실전 스프링,3,활용1 애플리케이션 개발 실전
23,2d 시작부터 배포까지,3,2d 시작부터 배포까지
1298,왕초보 블록체인 개념,3,왕초보 블록체인 개념
285,js 끝장내기 실무에 필요한,3,js 끝장내기 실무에 필요한
1299,왕초보 블록체인 개념 완벽,3,왕초보 블록체인 개념 완벽
205,java 기반 android,3,java 기반 android
1111,쉽고 빠르게 끝내는 go언어,3,쉽고 빠르게 끝내는 go언어
1289,완벽 이해하기 with,3,완벽 이해하기 with
1284,완벽 가이드 실무 프로젝트를 위한 실전강의,3,완벽 가이드 실무 프로젝트를
1983,활용 스프링 프레임워크,3,활용 스프링 프레임워크
1451,인프런 강의명 프로그래밍,3,인프런 강의명 프로그래밍
1982,활용 스프링 시큐리티,3,활용 스프링 시큐리티
269,js es6 vuex vue,3,js es6 vuex vue
1445,인프런 강의명 스프링,3,인프런 강의명 스프링
261,jpa 활용1 애플리케이션 개발 실전 스프링,3,jpa 활용1 애플리케이션 개발
44,asp net core,3,asp net core
45,asp net core 웹개발,3,asp net core 웹개발
1506,자료구조 여러가지 예제,3,자료구조 여러가지 예제
1132,스프링 데이터 jpa 실전,3,스프링 데이터 jpa 실전
1906,프로젝트를 위한 실전강의,3,프로젝트를 위한 실전강의
1302,요즘 누가 유료로,3,요즘 누가 유료로
1265,엑셀 quick start,3,엑셀 quick start
136,forensic 전문가 과정,3,forensic 전문가 과정
1537,자바 프로그래밍 입문강좌,3,자바 프로그래밍 입문강좌
1933,한해가 되었으면 합니다,3,한해가 되었으면 합니다
160,inflearn com course,3,inflearn com course
1325,웹앱 모바일 프로젝트,3,웹앱 모바일 프로젝트
1343,위한 딥러닝 deep reinforcement,3,위한 딥러닝 deep reinforcement
153,https www inflearn com,3,https www inflearn com
1342,위한 딥러닝 deep,3,위한 딥러닝 deep
1946,해외취업 asp net,3,해외취업 asp net
1258,앱개발 심화 2단계,3,앱개발 심화 2단계
152,https www inflearn,3,https www inflearn
1326,웹앱 모바일 프로젝트 만들기,3,웹앱 모바일 프로젝트 만들기
1331,위한 es6 강좌,3,위한 es6 강좌
1540,자바스크립트 javascript 개발을 위한 es6,3,자바스크립트 javascript 개발을 위한
1252,애플리케이션 취약점 분석 입문부터,3,애플리케이션 취약점 분석 입문부터
1225,싶습니다 관심 있는,3,싶습니다 관심 있는
1226,싶습니다 관심 있는 인프런,3,싶습니다 관심 있는 인프런
1228,싶습니다 관심있는 강의,3,싶습니다 관심있는 강의
1940,합니다 관심있는 인프런,3,합니다 관심있는 인프런
1941,합니다 관심있는 인프런 강의명,3,합니다 관심있는 인프런 강의명
1231,악성코드 샘플 분석,3,악성코드 샘플 분석
144,go언어 프로그래밍 핵심 기초 입문,3,go언어 프로그래밍 핵심 기초
1251,애플리케이션 취약점 분석,3,애플리케이션 취약점 분석
1234,안드로이드 앱개발 심화,3,안드로이드 앱개발 심화
1235,안드로이드 앱개발 심화 2단계,3,안드로이드 앱개발 심화 2단계
1236,안드로이드 인스타그램 클론,3,안드로이드 인스타그램 클론
1237,안드로이드 인스타그램 클론 만들기,3,안드로이드 인스타그램 클론 만들기
1248,애플리케이션 개발 실전 스프링,3,애플리케이션 개발 실전 스프링
140,gan bert rnn cnn,3,gan bert rnn cnn
139,gan bert rnn,3,gan bert rnn
1243,알아보기 js flow,3,알아보기 js flow
166,ios autolayout 완벽,3,ios autolayout 완벽
167,ios autolayout 완벽 가이드,3,ios autolayout 완벽 가이드
1969,핵심 기술 스프링 부트,3,핵심 기술 스프링 부트
1932,한해가 되었으면 좋겠습니다,3,한해가 되었으면 좋겠습니다
201,it취업을 위한 알고리즘 입문,3,it취업을 위한 알고리즘 입문
1397,유튜브 사이트 만들기,3,유튜브 사이트 만들기
200,it취업을 위한 알고리즘,3,it취업을 위한 알고리즘
1085,서버 네트워크 강좌,3,서버 네트워크 강좌
1966,핵심 개념 알아보기 js,3,핵심 개념 알아보기 js
1388,유니티 게임 개발 unity,3,유니티 게임 개발 unity
70,core 웹개발 기본,3,core 웹개발 기본
1384,윈도우즈 애플리케이션 취약점 분석,3,윈도우즈 애플리케이션 취약점 분석
1383,윈도우즈 애플리케이션 취약점,3,윈도우즈 애플리케이션 취약점
189,iot프로젝트 원격모니터링 자동차,3,iot프로젝트 원격모니터링 자동차
71,core 웹개발 기본 강좌,3,core 웹개발 기본 강좌
1557,장의 문서로 데이터 분석과,3,장의 문서로 데이터 분석과
1965,핵심 개념 알아보기,3,핵심 개념 알아보기
74,css3를 이용한 홈페이지,3,css3를 이용한 홈페이지
108,es6 vue js 완벽,3,es6 vue js 완벽
75,css3를 이용한 홈페이지 개발,3,css3를 이용한 홈페이지 개발
1196,시작하시는 분들을 위한,3,시작하시는 분들을 위한
76,css에 날개를 달아주는,3,css에 날개를 달아주는
77,css에 날개를 달아주는 sass,3,css에 날개를 달아주는 sass
1293,완전정복 gan bert rnn,3,완전정복 gan bert rnn
1261,언리얼 게임 개발,3,언리얼 게임 개발
89,deep reinforcement learning,3,deep reinforcement learning
1202,실무 프로젝트를 위한 실전강의,3,실무 프로젝트를 위한 실전강의
107,es6 vue js,3,es6 vue js
1351,위한 모의해킹 완전 정복,3,위한 모의해킹 완전 정복
1350,위한 모의해킹 완전,3,위한 모의해킹 완전
1207,실무에 필요한 모든,3,실무에 필요한 모든
95,digital forensic 전문가,3,digital forensic 전문가
96,digital forensic 전문가 과정,3,digital forensic 전문가 과정
83,c언어 따라하며 배우는,3,c언어 따라하며 배우는
665,개발 실전 스프링 부트와,3,개발 실전 스프링 부트와
1084,새해복 많이 받으세요,3,새해복 많이 받으세요
896,리버싱 분석 초급과정 리버스쿨,3,리버싱 분석 초급과정 리버스쿨
460,spring 완전 정복 로드맵,3,spring 완전 정복 로드맵
741,관심강좌 따라하며 배우는,3,관심강좌 따라하며 배우는
888,리눅스 서버 네트워크 강좌,3,리눅스 서버 네트워크 강좌
887,리눅스 서버 네트워크,3,리눅스 서버 네트워크
880,라즈베리파이 iot프로젝트 원격모니터링 자동차,3,라즈베리파이 iot프로젝트 원격모니터링 자동차
879,라즈베리파이 iot프로젝트 원격모니터링,3,라즈베리파이 iot프로젝트 원격모니터링
878,따라하면서 배우는 c언어,3,따라하면서 배우는 c언어
875,따라하며 배우는 노드 리액트 시리즈 유튜브,3,따라하며 배우는 노드 리액트
747,관심과목 스프링 프레임워크,3,관심과목 스프링 프레임워크
748,관심과목 스프링 프레임워크 핵심,3,관심과목 스프링 프레임워크 핵심
866,따라하며 배우는 c언어 따라하며,3,따라하며 배우는 c언어 따라하며
1667,코딩 테스트 top 기본 문제 with,3,코딩 테스트 top 기본
753,관심있는 강의 스프링,3,관심있는 강의 스프링
862,딥러닝 완전정복 gan bert,3,딥러닝 완전정복 gan bert
861,딥러닝 완전정복 gan,3,딥러닝 완전정복 gan
1083,새해 많이 받으세요,3,새해 많이 받으세요
491,unity 2d 시작부터,3,unity 2d 시작부터
492,unity 2d 시작부터 배포까지,3,unity 2d 시작부터 배포까지
855,딥러닝 deep reinforcement learning,3,딥러닝 deep reinforcement learning
459,spring 완전 정복,3,spring 완전 정복
897,리액트 시리즈 유튜브,3,리액트 시리즈 유튜브
851,디지털 포렌식 digital forensic,3,디지털 포렌식 digital forensic
898,리액트 시리즈 유튜브 사이트,3,리액트 시리즈 유튜브 사이트
434,rnn cnn 최신기법,3,rnn cnn 최신기법
938,모던 자바스크립트 javascript 개발을 위한 es6,3,모던 자바스크립트 javascript 개발을
934,머신러링 완벽 가이드,3,머신러링 완벽 가이드
933,머신러닝까지 학습 로드맵,3,머신러닝까지 학습 로드맵
927,만들어보며 배우는 언리얼 게임 개발,3,만들어보며 배우는 언리얼 게임
922,만들며 배우는 react,3,만들며 배우는 react
736,관심 있는 강의,3,관심 있는 강의
917,만들기 누구든지 하는 리액트,3,만들기 누구든지 하는 리액트
916,만들기 누구든지 하는,3,만들기 누구든지 하는
620,강의명 함수형 프로그래밍과 javascript,3,강의명 함수형 프로그래밍과 javascript
454,spring data jpa,3,spring data jpa
909,리얼타임 캐릭터 제작,3,리얼타임 캐릭터 제작
908,리액트로 구현하는 블록체인,3,리액트로 구현하는 블록체인
455,spring framework 커리큘럼,3,spring framework 커리큘럼
456,spring mvc spring,3,spring mvc spring
457,spring mvc spring 핵심강의,3,spring mvc spring 핵심강의
619,강의명 함수형 프로그래밍과,3,강의명 함수형 프로그래밍과
901,리액트 처음이시라구요 react js로,3,리액트 처음이시라구요 react js로
900,리액트 처음이시라구요 react,3,리액트 처음이시라구요 react
854,딥러닝 deep reinforcement,3,딥러닝 deep reinforcement
610,강의명 스프링 시큐리티,3,강의명 스프링 시큐리티
946,모바일 프로젝트 만들기,3,모바일 프로젝트 만들기
805,끝장내기 실무에 필요한 모든,3,끝장내기 실무에 필요한 모든
803,끝내는 go언어 프로그래밍 핵심 기초 입문,3,끝내는 go언어 프로그래밍 핵심
1771,파이썬 머신러링 완벽,3,파이썬 머신러링 완벽
795,기술 스프링 부트 개념과,3,기술 스프링 부트 개념과
794,기술 스프링 부트,3,기술 스프링 부트
570,가이드 실무 프로젝트를 위한 실전강의,3,가이드 실무 프로젝트를 위한
1740,파이썬 기본부터 인공지능,3,파이썬 기본부터 인공지능
787,기본부터 인공지능 머신러닝까지 학습,3,기본부터 인공지능 머신러닝까지 학습
786,기본부터 인공지능 머신러닝까지,3,기본부터 인공지능 머신러닝까지
782,기반 안드로이드 앱개발 심화,3,기반 안드로이드 앱개발 심화
1759,파이썬 라즈베리파이 iot프로젝트 원격모니터링,3,파이썬 라즈베리파이 iot프로젝트 원격모니터링
780,기반 rest api 개발 스프링 시큐리티,3,기반 rest api 개발
1758,파이썬 라즈베리파이 iot프로젝트,3,파이썬 라즈베리파이 iot프로젝트
582,강의 스프링 mvc,3,강의 스프링 mvc
1755,파이썬 딥러닝 완전정복 gan,3,파이썬 딥러닝 완전정복 gan
775,기반 android pie app,3,기반 android pie app
774,기반 android pie,3,기반 android pie
1741,파이썬 기본부터 인공지능 머신러닝까지,3,파이썬 기본부터 인공지능 머신러닝까지
1754,파이썬 딥러닝 완전정복,3,파이썬 딥러닝 완전정복
585,강의 파이썬 머신러닝,3,강의 파이썬 머신러닝
804,끝장내기 실무에 필요한,3,끝장내기 실무에 필요한
806,날개를 달아주는 sass,3,날개를 달아주는 sass
850,디지털 포렌식 digital,3,디지털 포렌식 digital
807,날개를 달아주는 sass scss,3,날개를 달아주는 sass scss
845,되기 위한 모의해킹 완전,3,되기 위한 모의해킹 완전
844,되기 위한 모의해킹,3,되기 위한 모의해킹
843,도움을 많이 받고,3,도움을 많이 받고
504,vue js es6 vuex vue,3,vue js es6 vuex
609,강의명 따라하며 배우는,3,강의명 따라하며 배우는
834,데이터 분석과 시각화 뽀개기,3,데이터 분석과 시각화 뽀개기
517,vue js 끝장내기,3,vue js 끝장내기
518,vue js 끝장내기 실무에,3,vue js 끝장내기 실무에
828,데이터 jpa 실전,3,데이터 jpa 실전
764,관심있는 인프런 강의명 스프링,3,관심있는 인프런 강의명 스프링
766,관심있는 인프런 강의명 프로그래밍,3,관심있는 인프런 강의명 프로그래밍
825,달아주는 sass scss,3,달아주는 sass scss
543,vuex vue js,3,vuex vue js
559,www inflearn com,3,www inflearn com
560,www inflearn com course,3,www inflearn com course
1772,파이썬 머신러링 완벽 가이드,3,파이썬 머신러링 완벽 가이드
813,노드 리액트 시리즈 유튜브,3,노드 리액트 시리즈 유튜브
809,네트워크 패킷 분석 입문,3,네트워크 패킷 분석 입문
808,네트워크 패킷 분석,3,네트워크 패킷 분석
940,모두를 위한 딥러닝 deep,3,모두를 위한 딥러닝 deep
730,공부를 해보고 싶습니다,3,공부를 해보고 싶습니다
947,모의해킹 완전 정복,3,모의해킹 완전 정복
643,개념 알아보기 js,3,개념 알아보기 js
1618,처음이시라구요 react js로 서비스,3,처음이시라구요 react js로 서비스
337,net core 웹개발 기본,3,net core 웹개발 기본
1053,분석과 시각화 뽀개기,3,분석과 시각화 뽀개기
1699,클레이튼 블록체인 어플리케이션 만들기,3,클레이튼 블록체인 어플리케이션 만들기
1049,분석 초급과정 리버스쿨,3,분석 초급과정 리버스쿨
1644,취업을 위한 신입,3,취업을 위한 신입
1643,취약점 분석 입문부터 활용까지,3,취약점 분석 입문부터 활용까지
1642,취약점 분석 입문부터,3,취약점 분석 입문부터
1011,벡터 미적분학 시리즈1,3,벡터 미적분학 시리즈1
711,게임을 만들어보며 배우는 언리얼 게임 개발,3,게임을 만들어보며 배우는 언리얼
1698,클레이튼 블록체인 어플리케이션,3,클레이튼 블록체인 어플리케이션
1641,취미로 해킹 해커의 컴퓨팅,3,취미로 해킹 해커의 컴퓨팅
1640,취미로 해킹 해커의,3,취미로 해킹 해커의
1639,취미로 해킹 시리즈,3,취미로 해킹 시리즈
644,개념 알아보기 js flow,3,개념 알아보기 js flow
386,react express를 이용한,3,react express를 이용한
1047,분석 입문부터 활용까지,3,분석 입문부터 활용까지
948,목표입니다 관심 있는,3,목표입니다 관심 있는
654,개발 unity 2d 시작부터,3,개발 unity 2d 시작부터
1045,분석 입문 악성코드 샘플,3,분석 입문 악성코드 샘플
1044,분석 입문 악성코드,3,분석 입문 악성코드
645,개념 완벽 이해하기,3,개념 완벽 이해하기
646,개념 완벽 이해하기 with,3,개념 완벽 이해하기 with
375,pbr 리얼타임 캐릭터 제작,3,pbr 리얼타임 캐릭터 제작
699,게임 개발 unity 2d,3,게임 개발 unity 2d
1863,프레임워크 핵심 기술 스프링 부트,3,프레임워크 핵심 기술 스프링
653,개발 unity 2d,3,개발 unity 2d
698,게임 개발 unity,3,게임 개발 unity
374,pbr 리얼타임 캐릭터,3,pbr 리얼타임 캐릭터
650,개념과 활용 스프링 프레임워크,3,개념과 활용 스프링 프레임워크
1060,블록체인 개념 완벽,3,블록체인 개념 완벽
1617,처음이시라구요 react js로,3,처음이시라구요 react js로
392,react native로 웹앱,3,react native로 웹앱
414,redux vs mobx,3,redux vs mobx
949,문서로 데이터 분석과,3,문서로 데이터 분석과
1703,테스트 top 기본 문제 with,3,테스트 top 기본 문제
950,문서로 데이터 분석과 시각화,3,문서로 데이터 분석과 시각화
953,문제로 배우는 c언어,3,문제로 배우는 c언어
683,개발을 위한 es6,3,개발을 위한 es6
1825,패킷 분석 입문,3,패킷 분석 입문
1826,패킷 분석 입문 악성코드,3,패킷 분석 입문 악성코드
333,native로 웹앱 모바일,3,native로 웹앱 모바일
726,공부 목표 현재,3,공부 목표 현재
1680,코틀린 기반 안드로이드 앱개발 심화,3,코틀린 기반 안드로이드 앱개발
962,배우는 c언어 따라하며,3,배우는 c언어 따라하며
963,배우는 c언어 따라하며 배우는,3,배우는 c언어 따라하며 배우는
684,개발을 위한 es6 강좌,3,개발을 위한 es6 강좌
664,개발 실전 스프링,3,개발 실전 스프링
974,배우는 노드 리액트 시리즈 유튜브,3,배우는 노드 리액트 시리즈
1836,포렌식 digital forensic,3,포렌식 digital forensic
993,배워보는 vue js es6 vuex vue,3,배워보는 vue js es6
980,배우는 스프링 입문,3,배우는 스프링 입문
336,net core 웹개발,3,net core 웹개발
983,배우는 언리얼 게임 개발,3,배우는 언리얼 게임 개발
1616,처음 시작하는 파이썬,3,처음 시작하는 파이썬
1837,포렌식 digital forensic 전문가,3,포렌식 digital forensic 전문가
334,native로 웹앱 모바일 프로젝트,3,native로 웹앱 모바일 프로젝트
1061,블록체인 개념 완벽 이해하기,3,블록체인 개념 완벽 이해하기
393,react native로 웹앱 모바일,3,react native로 웹앱 모바일
1483,입문 안드로이드 ios 개발을 번에 flutter,2,입문 안드로이드 ios 개발을
1710,테스트하는 다양한 방법 스프링,2,테스트하는 다양한 방법 스프링
1739,파이썬 관련 강의들,2,파이썬 관련 강의들
1996,활용한 데이터분석과 it보안,2,활용한 데이터분석과 it보안
1700,클레이튼 블록체인 어플리케이션 만들기 토큰,2,클레이튼 블록체인 어플리케이션 만들기
1998,활용한 메신져 만들기 android,2,활용한 메신져 만들기 android
1530,자바 클래스의 이해와,2,자바 클래스의 이해와
1696,클래스의 이해와 객체지향,2,클래스의 이해와 객체지향
1997,활용한 메신져 만들기,2,활용한 메신져 만들기
1697,클래스의 이해와 객체지향 프로그래밍,2,클래스의 이해와 객체지향 프로그래밍
1531,자바 클래스의 이해와 객체지향,2,자바 클래스의 이해와 객체지향
1488,입문부터 서비스 개발까지,2,입문부터 서비스 개발까지
1529,자바 코드를 조작하는 다양한 방법 스프링,2,자바 코드를 조작하는 다양한
1727,통한 파이썬 텍스트,2,통한 파이썬 텍스트
1495,있는 강의 딥러닝,2,있는 강의 딥러닝
1682,크롤링 web crawling,2,크롤링 web crawling
1670,코딩테스트 대비 제주코딩베이스캠프,2,코딩테스트 대비 제주코딩베이스캠프
1713,텍스트 분석과 자연어 처리,2,텍스트 분석과 자연어 처리
1714,텍스트마이닝 top keyword부터,2,텍스트마이닝 top keyword부터
1715,텍스트마이닝 top keyword부터 감성분석까지,2,텍스트마이닝 top keyword부터 감성분석까지
1518,자바 스프링 프레임워크 renewal,2,자바 스프링 프레임워크 renewal
1716,텐서플로2 파이썬 딥러닝,2,텐서플로2 파이썬 딥러닝
1683,크롤링 web crawling 어플리케이션,2,크롤링 web crawling 어플리케이션
1671,코딩테스트 대비 제주코딩베이스캠프 code,2,코딩테스트 대비 제주코딩베이스캠프 code
1496,있는 강의 딥러닝 완전정복,2,있는 강의 딥러닝 완전정복
1972,핵심 기술 자바,2,핵심 기술 자바
1724,통찰력을 주는 엑셀,2,통찰력을 주는 엑셀
1961,핵심 강좌 tdd,2,핵심 강좌 tdd
1717,텐서플로2 파이썬 딥러닝 완전정복,2,텐서플로2 파이썬 딥러닝 완전정복
1975,현업에 대한 이야기,2,현업에 대한 이야기
1977,현직 개발자 입니다 올해는,2,현직 개발자 입니다 올해는
1976,현직 개발자 입니다,2,현직 개발자 입니다
1689,크롤링으로 데이터 추출,2,크롤링으로 데이터 추출
1521,자바 스프링 프레임워크강좌,2,자바 스프링 프레임워크강좌
1669,코딩의민족 제작 android kotlin,2,코딩의민족 제작 android kotlin
1690,크롤링으로 데이터 추출 입문부터,2,크롤링으로 데이터 추출 입문부터
1738,트위터 클론앱 만들기,2,트위터 클론앱 만들기
1497,있는 사람이 되겠습니다,2,있는 사람이 되겠습니다
1661,코드를 조작하는 다양한 방법 스프링,2,코드를 조작하는 다양한 방법
1525,자바 애플리케이션을 테스트하는 다양한 방법 스프링,2,자바 애플리케이션을 테스트하는 다양한
1712,텍스트 분석과 자연어,2,텍스트 분석과 자연어
1499,있는 안드로이드 개발 kotlin,2,있는 안드로이드 개발 kotlin
1728,통한 파이썬 텍스트 분석과,2,통한 파이썬 텍스트 분석과
1501,있는 풀스택 개발자가,2,있는 풀스택 개발자가
1502,있는 한해가 되었으면,2,있는 한해가 되었으면
1503,있다 이모티콘 만들기,2,있다 이모티콘 만들기
1504,있습니다 열심히 공부해서,2,있습니다 열심히 공부해서
1725,통찰력을 주는 엑셀 quick,2,통찰력을 주는 엑셀 quick
1508,자바 java 개발자,2,자바 java 개발자
1668,코딩의민족 제작 android,2,코딩의민족 제작 android
1509,자바 java 개발자 로드맵,2,자바 java 개발자 로드맵
1962,핵심 강좌 tdd 개발,2,핵심 강좌 tdd 개발
1954,해킹 프로토스타 완벽,2,해킹 프로토스타 완벽
1750,파이썬 데이터시각화 분석 실전 프로젝트 파이썬,2,파이썬 데이터시각화 분석 실전
1916,프리다를 이용한 모의해킹,2,프리다를 이용한 모의해킹
1909,프론트엔드 영역 자유롭게,2,프론트엔드 영역 자유롭게
1910,프론트엔드 영역 자유롭게 구사하는,2,프론트엔드 영역 자유롭게 구사하는
1913,프리다 frida 이용한,2,프리다 frida 이용한
1846,풀스택개발 boot camp 입문부터,2,풀스택개발 boot camp 입문부터
1845,풀스택개발 boot camp,2,풀스택개발 boot camp
1843,풀스택 로드맵 트위터 클론앱,2,풀스택 로드맵 트위터 클론앱
1636,초심자를 위한 react 핵심 강좌 react,2,초심자를 위한 react 핵심
1914,프리다 frida 이용한 안드로이드,2,프리다 frida 이용한 안드로이드
1638,추출 입문부터 실습까지,2,추출 입문부터 실습까지
1960,핵심 강좌 react,2,핵심 강좌 react
1917,하고 싶습니다 관심강좌,2,하고 싶습니다 관심강좌
1918,하고 있는데 올해는,2,하고 있는데 올해는
1919,하나 firebase의 모든것,2,하나 firebase의 모든것
1581,제작 android kotlin,2,제작 android kotlin
1645,취업을 위한 신입 자바,2,취업을 위한 신입 자바
1578,제대로 알아보기 초급 javascript,2,제대로 알아보기 초급 javascript
1842,풀스택 로드맵 트위터,2,풀스택 로드맵 트위터
1920,하는 것이 목표입니다,2,하는 것이 목표입니다
1907,프로토스타 완벽 풀이집,2,프로토스타 완벽 풀이집
1857,프레임워크 renewal ver,2,프레임워크 renewal ver
1903,프로젝트 파이썬 머신러닝 완벽,2,프로젝트 파이썬 머신러닝 완벽
1902,프로젝트 파이썬 머신러닝,2,프로젝트 파이썬 머신러닝
1867,프로그래밍 ios12 개발,2,프로그래밍 ios12 개발
1606,지금 당장 성과내기 페이스북,2,지금 당장 성과내기 페이스북
1605,지금 당장 성과내기,2,지금 당장 성과내기
1868,프로그래밍 ios12 개발 퍼펙트,2,프로그래밍 ios12 개발 퍼펙트
1878,프로그래밍 시작하기 파이썬 입문 공공데이터로,2,프로그래밍 시작하기 파이썬 입문
1880,프로그래밍 언어 재정비,2,프로그래밍 언어 재정비
1881,프로그래밍 완벽 이해,2,프로그래밍 완벽 이해
1887,프로그래밍 파이썬 중급,2,프로그래밍 파이썬 중급
1620,초급 javascript es6,2,초급 javascript es6
1621,초급 javascript es6 제대로,2,초급 javascript es6 제대로
1624,초급과정 리버스쿨 level2,2,초급과정 리버스쿨 level2
1596,주는 엑셀 quick start,2,주는 엑셀 quick start
1625,초급과정 리버스쿨 level2 리버싱,2,초급과정 리버스쿨 level2 리버싱
1865,프레임워크 핵심 기술 자바,2,프레임워크 핵심 기술 자바
1595,주는 엑셀 quick,2,주는 엑셀 quick
1858,프레임워크 renewal ver 신입,2,프레임워크 renewal ver 신입
1592,조작하는 다양한 방법 스프링,2,조작하는 다양한 방법 스프링
1839,포렌식 전문가 과정,2,포렌식 전문가 과정
1656,취업을 하고 싶습니다,2,취업을 하고 싶습니다
1835,페이스북 퍼포먼스 마케팅,2,페이스북 퍼포먼스 마케팅
1800,파이썬 프로그래밍 완벽 이해,2,파이썬 프로그래밍 완벽 이해
1555,장고 django 공략하기 입문,2,장고 django 공략하기 입문
1799,파이썬 프로그래밍 완벽,2,파이썬 프로그래밍 완벽
1951,해킹 대회를 위한 시스템,2,해킹 대회를 위한 시스템
1797,파이썬 텍스트 분석과 자연어,2,파이썬 텍스트 분석과 자연어
1554,장고 django 공략하기,2,장고 django 공략하기
1551,자유롭게 구사하는 기술 보유하여,2,자유롭게 구사하는 기술 보유하여
1796,파이썬 텍스트 분석과,2,파이썬 텍스트 분석과
1793,파이썬 크롤링으로 데이터 추출,2,파이썬 크롤링으로 데이터 추출
1792,파이썬 크롤링으로 데이터,2,파이썬 크롤링으로 데이터
1550,자유롭게 구사하는 기술,2,자유롭게 구사하는 기술
1785,파이썬 입문 공공데이터로 파이썬,2,파이썬 입문 공공데이터로 파이썬
1955,해킹 프로토스타 완벽 풀이집,2,해킹 프로토스타 완벽 풀이집
1784,파이썬 입문 공공데이터로,2,파이썬 입문 공공데이터로
1957,해킹과 모의해킹 현업에,2,해킹과 모의해킹 현업에
1781,파이썬 알고리즘 문제풀이 코딩테스트 대비 제주코딩베이스캠프,2,파이썬 알고리즘 문제풀이 코딩테스트
1763,파이썬 머신러닝 완벽 가이드 권철민,2,파이썬 머신러닝 완벽 가이드
1958,해킹과 모의해킹 현업에 대한,2,해킹과 모의해킹 현업에 대한
1950,해킹 대회를 위한,2,해킹 대회를 위한
1560,저자의 red hat,2,저자의 red hat
1925,하는 크롤링 입문편,2,하는 크롤링 입문편
1561,저자의 red hat centos7,2,저자의 red hat centos7
1926,하는 텍스트마이닝 top,2,하는 텍스트마이닝 top
1927,하는 텍스트마이닝 top keyword부터,2,하는 텍스트마이닝 top keyword부터
1824,파이참 pycharm 핵심 가이드,2,파이참 pycharm 핵심 가이드
1934,함수형 프로그래밍과 es6,2,함수형 프로그래밍과 es6
1823,파이참 pycharm 핵심,2,파이참 pycharm 핵심
1821,파이어베이스를 활용한 메신져 만들기,2,파이어베이스를 활용한 메신져 만들기
1820,파이어베이스를 활용한 메신져,2,파이어베이스를 활용한 메신져
1815,파이썬을 활용한 선형대수학,2,파이썬을 활용한 선형대수학
1814,파이썬을 활용한 데이터분석과 it보안,2,파이썬을 활용한 데이터분석과 it보안
1813,파이썬을 활용한 데이터분석과,2,파이썬을 활용한 데이터분석과
1810,파이썬을 이용한 크롤링 web,2,파이썬을 이용한 크롤링 web
1809,파이썬을 이용한 크롤링,2,파이썬을 이용한 크롤링
1942,합니다 파이썬 머신러닝,2,합니다 파이썬 머신러닝
1943,합니다 파이썬 머신러닝 완벽,2,합니다 파이썬 머신러닝 완벽
1804,파이썬으로 장고 django 공략하기,2,파이썬으로 장고 django 공략하기
1945,해서 좋은 개발자가,2,해서 좋은 개발자가
1803,파이썬으로 장고 django,2,파이썬으로 장고 django
0,12개 만들면서 배우는,2,12개 만들면서 배우는
998,배워보는 파이참 pycharm 핵심,2,배워보는 파이참 pycharm 핵심
1477,입문 스프링 프레임워크 핵심,2,입문 스프링 프레임워크 핵심
387,react express를 이용한 어플리케이션,2,react express를 이용한 어플리케이션
398,react 핵심 강좌 tdd,2,react 핵심 강좌 tdd
403,react로 nodebird sns 만들기 node,2,react로 nodebird sns 만들기
406,react와 vue js,2,react와 vue js
407,react와 vue js 관련,2,react와 vue js 관련
410,red hat centos7,2,red hat centos7
411,red hat centos7 리눅스,2,red hat centos7 리눅스
415,redux vs mobx 배우자,2,redux vs mobx 배우자
416,reinforcement learning 파이썬,2,reinforcement learning 파이썬
417,reinforcement learning 파이썬 머신러닝,2,reinforcement learning 파이썬 머신러닝
425,renewal ver 신입,2,renewal ver 신입
426,renewal ver 신입 프로그래머를,2,renewal ver 신입 프로그래머를
431,rest api 개발 스프링 데이터,2,rest api 개발 스프링
438,r로 하는 크롤링 입문편,2,r로 하는 크롤링 입문편
439,r로 하는 텍스트마이닝,2,r로 하는 텍스트마이닝
440,r로 하는 텍스트마이닝 top,2,r로 하는 텍스트마이닝 top
443,sns 만들기 node,2,sns 만들기 node
444,sns 만들기 누구든지,2,sns 만들기 누구든지
445,sns 만들기 누구든지 하는,2,sns 만들기 누구든지 하는
448,sns 만들기 신청완료,2,sns 만들기 신청완료
397,react 핵심 강좌 react,2,react 핵심 강좌 react
384,react express 이용한 어플리케이션,2,react express 이용한 어플리케이션
450,spring boot spring,2,spring boot spring
383,react express 이용한,2,react express 이용한
318,level2 리버싱 분석 초급과정,2,level2 리버싱 분석 초급과정
319,level3 안드로이드 모바일,2,level3 안드로이드 모바일
320,level3 안드로이드 모바일 리버싱,2,level3 안드로이드 모바일 리버싱
321,malware 분석 입문,2,malware 분석 입문
322,malware 분석 입문 과정,2,malware 분석 입문 과정
328,mvc 스프링 부트,2,mvc 스프링 부트
329,mvc 스프링 부트 개념과,2,mvc 스프링 부트 개념과
339,nlp imdb 영화리뷰,2,nlp imdb 영화리뷰
340,nlp imdb 영화리뷰 감정,2,nlp imdb 영화리뷰 감정
347,node js 웹개발로,2,node js 웹개발로
348,node js 웹개발로 알아보는,2,node js 웹개발로 알아보는
353,nodebird sns 만들기 node,2,nodebird sns 만들기 node
354,nodebird sns 만들기 누구든지,2,nodebird sns 만들기 누구든지
357,nodebird sns 만들기 신청완료,2,nodebird sns 만들기 신청완료
359,objective 강좌 12개,2,objective 강좌 12개
360,objective 강좌 12개 만들면서,2,objective 강좌 12개 만들면서
377,pie app 개발 기본,2,pie app 개발 기본
378,pie app 개발 심화,2,pie app 개발 심화
382,pycharm 핵심 가이드,2,pycharm 핵심 가이드
449,spring boot jpa,2,spring boot jpa
451,spring boot spring mvc,2,spring boot spring mvc
315,level1 리버싱 분석 초급과정 리버스쿨,2,level1 리버싱 분석 초급과정
561,www inflearn com course flutter,2,www inflearn com course
563,가면서 배우는 java 플레이그라운드,2,가면서 배우는 java 플레이그라운드
564,가이드 신청완료 vue로,2,가이드 신청완료 vue로
565,가이드 신청완료 vue로 nodebird,2,가이드 신청완료 vue로 nodebird
571,가이드 케라스 인공지능의,2,가이드 케라스 인공지능의
572,가이드 케라스 인공지능의 공용어,2,가이드 케라스 인공지능의 공용어
574,감정 분석을 통한,2,감정 분석을 통한
575,감정 분석을 통한 파이썬,2,감정 분석을 통한 파이썬
578,강의 react로 nodebird,2,강의 react로 nodebird
579,강의 react로 nodebird sns,2,강의 react로 nodebird sns
581,강의 딥러닝 완전정복,2,강의 딥러닝 완전정복
583,강의 스프링 시큐리티,2,강의 스프링 시큐리티
584,강의 스프링 프레임워크,2,강의 스프링 프레임워크
586,강의 파이썬 머신러닝 완벽,2,강의 파이썬 머신러닝 완벽
588,강의 파이썬 알고리즘,2,강의 파이썬 알고리즘
589,강의 파이썬 알고리즘 문제풀이,2,강의 파이썬 알고리즘 문제풀이
590,강의 함수형 프로그래밍과,2,강의 함수형 프로그래밍과
591,강의 함수형 프로그래밍과 javascript,2,강의 함수형 프로그래밍과 javascript
593,강의는 1월 중순,2,강의는 1월 중순
594,강의를 듣고 싶습니다,2,강의를 듣고 싶습니다
562,가면서 배우는 java,2,가면서 배우는 java
557,with vue 실전 프로젝트,2,with vue 실전 프로젝트
458,spring 관련 강좌,2,spring 관련 강좌
556,with vue 실전,2,with vue 실전
465,swift4 ios11 아이폰,2,swift4 ios11 아이폰
466,swift4 ios11 아이폰 ios,2,swift4 ios11 아이폰 ios
469,swift4 ios11 입문,2,swift4 ios11 입문
471,swiftui 개념 익히기,2,swiftui 개념 익히기
480,top keyword부터 감성분석까지,2,top keyword부터 감성분석까지
484,typescript with vue,2,typescript with vue
485,typescript with vue 실전,2,typescript with vue 실전
498,vs mobx 배우자,2,vs mobx 배우자
506,vue js jpa,2,vue js jpa
511,vue js 강의를,2,vue js 강의를
513,vue js 관련 강의들을,2,vue js 관련 강의들을
514,vue js 관련 강의를,2,vue js 관련 강의를
527,vue js 완벽 가이드 신청완료,2,vue js 완벽 가이드
537,vue 관련강의 다수,2,vue 관련강의 다수
538,vue 실전 프로젝트,2,vue 실전 프로젝트
544,vuex vue js 완벽,2,vuex vue js 완벽
552,vue로 nodebird sns 만들기 신청완료,2,vue로 nodebird sns 만들기
553,web crawling 어플리케이션,2,web crawling 어플리케이션
554,web crawling 어플리케이션 만들기,2,web crawling 어플리케이션 만들기
317,level2 리버싱 분석,2,level2 리버싱 분석
312,learning 파이썬 머신러닝,2,learning 파이썬 머신러닝
596,강의를 인프런에서 들으면서 목표를,2,강의를 인프런에서 들으면서 목표를
62,cc 일러스트레이터 입문부터,2,cc 일러스트레이터 입문부터
64,centos7 리눅스 서버,2,centos7 리눅스 서버
65,centos7 리눅스 서버 네트워크,2,centos7 리눅스 서버 네트워크
69,com course flutter,2,com course flutter
72,crawling 어플리케이션 만들기,2,crawling 어플리케이션 만들기
79,c로 배우는 자료구조,2,c로 배우는 자료구조
80,c로 배우는 자료구조 여러가지,2,c로 배우는 자료구조 여러가지
90,deep reinforcement learning 파이썬,2,deep reinforcement learning 파이썬
97,django 공략하기 입문,2,django 공략하기 입문
112,es6 vuex vue js 완벽,2,es6 vuex vue js
114,es6 강좌 생활코딩,2,es6 강좌 생활코딩
115,es6 강좌 생활코딩 react,2,es6 강좌 생활코딩 react
119,es6 제대로 알아보기 초급 javascript,2,es6 제대로 알아보기 초급
125,express 이용한 어플리케이션,2,express 이용한 어플리케이션
126,express 이용한 어플리케이션 개발하기,2,express 이용한 어플리케이션 개발하기
127,express를 이용한 어플리케이션,2,express를 이용한 어플리케이션
128,express를 이용한 어플리케이션 개발하기,2,express를 이용한 어플리케이션 개발하기
129,flutter 인스타그램 클론,2,flutter 인스타그램 클론
137,frida 이용한 안드로이드,2,frida 이용한 안드로이드
138,frida 이용한 안드로이드 모의해킹,2,frida 이용한 안드로이드 모의해킹
63,cc 일러스트레이터 입문부터 실전까지,2,cc 일러스트레이터 입문부터 실전까지
61,camp 입문부터 서비스 개발까지,2,camp 입문부터 서비스 개발까지
147,hat centos7 리눅스 서버,2,hat centos7 리눅스 서버
60,camp 입문부터 서비스,2,camp 입문부터 서비스
4,12개를 만들며 배우는,2,12개를 만들며 배우는
5,12개를 만들며 배우는 swift4,2,12개를 만들며 배우는 swift4
8,2018 do it,2,2018 do it
9,2018 do it 안드로이드,2,2018 do it 안드로이드
12,2020년 공부 목표 올해는,2,2020년 공부 목표 올해는
13,2020년 공부 목표 파이썬,2,2020년 공부 목표 파이썬
14,2020년 공부 목표 프론트엔드,2,2020년 공부 목표 프론트엔드
19,2020년 목표 리액트,2,2020년 목표 리액트
20,2020년 목표 리액트 공부하기,2,2020년 목표 리액트 공부하기
21,2020년 목표 열심히,2,2020년 목표 열심히
22,2020년 목표 열심히 공부해서,2,2020년 목표 열심히 공부해서
34,android pie app 개발 기본,2,android pie app 개발
37,api 개발 스프링 데이터,2,api 개발 스프링 데이터
42,app 개발 기본,2,app 개발 기본
43,app 개발 심화,2,app 개발 심화
54,boot camp 입문부터,2,boot camp 입문부터
55,boot camp 입문부터 서비스,2,boot camp 입문부터 서비스
57,boot spring mvc,2,boot spring mvc
58,boot spring mvc spring,2,boot spring mvc spring
146,hat centos7 리눅스,2,hat centos7 리눅스
155,https www inflearn com course flutter,2,https www inflearn com
311,klaytn 클레이튼 블록체인 어플리케이션 만들기 토큰,2,klaytn 클레이튼 블록체인 어플리케이션
237,jpa node js,2,jpa node js
239,jpa spring boot spring,2,jpa spring boot spring
242,jpa 스프링 기반,2,jpa 스프링 기반
243,jpa 스프링 기반 rest,2,jpa 스프링 기반 rest
246,jpa 스프링 프레임워크,2,jpa 스프링 프레임워크
247,jpa 스프링 프레임워크 핵심,2,jpa 스프링 프레임워크 핵심
249,jpa 시리즈 입니다,2,jpa 시리즈 입니다
250,jpa 실전 스프링,2,jpa 실전 스프링
251,jpa 실전 스프링 부트와,2,jpa 실전 스프링 부트와
253,jpa 자바 orm,2,jpa 자바 orm
254,jpa 자바 orm 표준,2,jpa 자바 orm 표준
271,js es6 vuex vue js 완벽,2,js es6 vuex vue
276,js 관련 강의들을,2,js 관련 강의들을
277,js 관련 강의를,2,js 관련 강의를
278,js 관련 강의를 인프런에서,2,js 관련 강의를 인프런에서
292,js 완벽 가이드 신청완료,2,js 완벽 가이드 신청완료
295,js 웹개발로 알아보는,2,js 웹개발로 알아보는
296,js 웹개발로 알아보는 백엔드,2,js 웹개발로 알아보는 백엔드
303,jsp renew ver,2,jsp renew ver
304,jsp renew ver 신입,2,jsp renew ver 신입
238,jpa spring boot,2,jpa spring boot
236,jpa java 스프링,2,jpa java 스프링
156,imdb 영화리뷰 감정,2,imdb 영화리뷰 감정
226,javascript 풀스택 로드맵 트위터,2,javascript 풀스택 로드맵 트위터
157,imdb 영화리뷰 감정 분석을,2,imdb 영화리뷰 감정 분석을
161,inflearn com course flutter,2,inflearn com course flutter
162,intellij를 시작하시는 분들을,2,intellij를 시작하시는 분들을
163,intellij를 시작하시는 분들을 위한,2,intellij를 시작하시는 분들을 위한
170,ios 개발 강좌,2,ios 개발 강좌
172,ios 개발을 번에 flutter,2,ios 개발을 번에 flutter
179,ios 아이폰 개발,2,ios 아이폰 개발
180,ios 프로그래밍 ios12,2,ios 프로그래밍 ios12
181,ios 프로그래밍 ios12 개발,2,ios 프로그래밍 ios12 개발
184,ios11 아이폰 ios,2,ios11 아이폰 ios
185,ios11 아이폰 ios 개발,2,ios11 아이폰 ios 개발
190,ipc 프로그래밍 이론과,2,ipc 프로그래밍 이론과
191,ipc 프로그래밍 이론과 실습,2,ipc 프로그래밍 이론과 실습
203,java spring jpa,2,java spring jpa
204,java 개발자 로드맵,2,java 개발자 로드맵
214,javascript es6 제대로 알아보기 초급 javascript,2,javascript es6 제대로 알아보기
219,javascript node js,2,javascript node js
224,javascript 개발을 위한 es6 강좌 생활코딩,2,javascript 개발을 위한 es6
225,javascript 풀스택 로드맵,2,javascript 풀스택 로드맵
595,강의를 인프런에서 들으면서,2,강의를 인프런에서 들으면서
597,강의명 flutter 입문,2,강의명 flutter 입문
1476,입문 스프링 프레임워크,2,입문 스프링 프레임워크
1192,시작하기 파이썬 입문 공공데이터로,2,시작하기 파이썬 입문 공공데이터로
1244,알아보기 초급 javascript es6 제대로 알아보기,2,알아보기 초급 javascript es6
1245,알아보는 백엔드 자바스크립트의 이해,2,알아보는 백엔드 자바스크립트의 이해
1256,애플리케이션을 테스트하는 다양한 방법 스프링,2,애플리케이션을 테스트하는 다양한 방법
1259,어플리케이션 개발 관련,2,어플리케이션 개발 관련
1260,어플리케이션 만들기 토큰,2,어플리케이션 만들기 토큰
1263,에센스만 담은 코틀린,2,에센스만 담은 코틀린
1264,에센스만 담은 코틀린 안드로이드,2,에센스만 담은 코틀린 안드로이드
1269,엑셀장인의 매크로 프리다를,2,엑셀장인의 매크로 프리다를
1270,엑셀장인의 매크로 프리다를 이용한,2,엑셀장인의 매크로 프리다를 이용한
1285,완벽 가이드 케라스,2,완벽 가이드 케라스
1286,완벽 가이드 케라스 인공지능의,2,완벽 가이드 케라스 인공지능의
1303,요즘 누가 유료로 웹서비스,2,요즘 누가 유료로 웹서비스
1306,우리를 위한 프로그래밍,2,우리를 위한 프로그래밍
1307,우리를 위한 프로그래밍 파이썬,2,우리를 위한 프로그래밍 파이썬
1313,웹개발로 알아보는 백엔드,2,웹개발로 알아보는 백엔드
1314,웹개발로 알아보는 백엔드 자바스크립트의,2,웹개발로 알아보는 백엔드 자바스크립트의
1318,웹서비스 구축 하나,2,웹서비스 구축 하나
1319,웹서비스 구축 하나 firebase의,2,웹서비스 구축 하나 firebase의
1332,위한 es6 강좌 생활코딩,2,위한 es6 강좌 생활코딩
1197,시작하시는 분들을 위한 intellij,2,시작하시는 분들을 위한 intellij
1181,시스템 해킹 프로토스타 완벽,2,시스템 해킹 프로토스타 완벽
1337,위한 react 핵심 강좌 react,2,위한 react 핵심 강좌
1180,시스템 해킹 프로토스타,2,시스템 해킹 프로토스타
1114,스스로의 웹페이지를 구축해보고,2,스스로의 웹페이지를 구축해보고
1115,스트링 부트 개념과,2,스트링 부트 개념과
1116,스트링 부트 개념과 활용,2,스트링 부트 개념과 활용
1121,스프링 mvc 스프링 부트,2,스프링 mvc 스프링 부트
1123,스프링 강의 완주,2,스프링 강의 완주
1130,스프링 데이터 jpa 스프링 프레임워크,2,스프링 데이터 jpa 스프링
1133,스프링 데이터 jpa 실전 스프링,2,스프링 데이터 jpa 실전
1135,스프링 데이터 jpa 자바,2,스프링 데이터 jpa 자바
1141,스프링 부트 개념과 활용 스프링 프레임워크,2,스프링 부트 개념과 활용
1149,스프링 부트의 개념과,2,스프링 부트의 개념과
1150,스프링 부트의 개념과 활용,2,스프링 부트의 개념과 활용
1152,스프링 시큐리티 스프링 데이터,2,스프링 시큐리티 스프링 데이터
1158,스프링 프레임워크 renewal,2,스프링 프레임워크 renewal
1159,스프링 프레임워크 renewal ver,2,스프링 프레임워크 renewal ver
1167,스프링 프레임워크 핵심 기술 자바,2,스프링 프레임워크 핵심 기술
1169,스프링부트 vue js,2,스프링부트 vue js
1170,스프링부트 vue js jpa,2,스프링부트 vue js jpa
1172,스프링부트와 jpa 활용2,2,스프링부트와 jpa 활용2
1173,스프링부트와 jpa 활용2 api,2,스프링부트와 jpa 활용2 api
1334,위한 intellij 가이드,2,위한 intellij 가이드
1345,위한 딥러닝 deep reinforcement learning 파이썬,2,위한 딥러닝 deep reinforcement
1100,쉽게 배워보는 파이참,2,쉽게 배워보는 파이참
1429,인프런 강의를 통해서,2,인프런 강의를 통해서
1431,인프런 강의명 flutter 입문,2,인프런 강의명 flutter 입문
1434,인프런 강의명 opencv,2,인프런 강의명 opencv
1435,인프런 강의명 opencv 파이썬,2,인프런 강의명 opencv 파이썬
1438,인프런 강의명 vue,2,인프런 강의명 vue
1439,인프런 강의명 vue js,2,인프런 강의명 vue js
1442,인프런 강의명 따라하며,2,인프런 강의명 따라하며
1443,인프런 강의명 따라하며 배우는,2,인프런 강의명 따라하며 배우는
1444,인프런 강의명 리눅스,2,인프런 강의명 리눅스
1446,인프런 강의명 자바,2,인프런 강의명 자바
1448,인프런 강의명 파이썬 알고리즘,2,인프런 강의명 파이썬 알고리즘
1452,인프런 강의명 프로그래밍 시작하기,2,인프런 강의명 프로그래밍 시작하기
1455,인프런 강의명 함수형,2,인프런 강의명 함수형
1456,인프런 강의명 함수형 프로그래밍과,2,인프런 강의명 함수형 프로그래밍과
1459,인프런에서 들으면서 목표를,2,인프런에서 들으면서 목표를
1460,인프런에서 좋은 강의를,2,인프런에서 좋은 강의를
1461,인프런을 통해 올해,2,인프런을 통해 올해
1462,일러스트레이터 입문부터 실전까지,2,일러스트레이터 입문부터 실전까지
1472,입문 공공데이터로 파이썬,2,입문 공공데이터로 파이썬
1473,입문 공공데이터로 파이썬 데이터,2,입문 공공데이터로 파이썬 데이터
1430,인프런 강의명 flutter,2,인프런 강의명 flutter
1428,인터렉티브 개발 제대로 시작하기,2,인터렉티브 개발 제대로 시작하기
1352,위한 시스템 해킹,2,위한 시스템 해킹
1427,인터렉티브 개발 제대로,2,인터렉티브 개발 제대로
1353,위한 시스템 해킹 프로토스타,2,위한 시스템 해킹 프로토스타
1356,위한 신입 자바,2,위한 신입 자바
1357,위한 신입 자바 java,2,위한 신입 자바 java
1369,위한 자바 스프링,2,위한 자바 스프링
1370,위한 자바 스프링 프레임워크강좌,2,위한 자바 스프링 프레임워크강좌
1373,위한 프로그래밍 파이썬,2,위한 프로그래밍 파이썬
1374,위한 프로그래밍 파이썬 중급,2,위한 프로그래밍 파이썬 중급
1379,윈도우 악성코드 malware,2,윈도우 악성코드 malware
1380,윈도우 악성코드 malware 분석,2,윈도우 악성코드 malware 분석
1393,유료로 웹서비스 구축,2,유료로 웹서비스 구축
1394,유료로 웹서비스 구축 하나,2,유료로 웹서비스 구축 하나
1398,이것이 리눅스다 저자의,2,이것이 리눅스다 저자의
1399,이것이 리눅스다 저자의 red,2,이것이 리눅스다 저자의 red
1405,이번 방학동안 부족했던,2,이번 방학동안 부족했던
1406,이번 방학동안 부족했던 부분을,2,이번 방학동안 부족했던 부분을
1409,이용한 안드로이드 모의해킹,2,이용한 안드로이드 모의해킹
1411,이용한 크롤링 web,2,이용한 크롤링 web
1412,이용한 크롤링 web crawling,2,이용한 크롤링 web crawling
1418,이해와 객체지향 프로그래밍,2,이해와 객체지향 프로그래밍
1101,쉽게 배워보는 파이참 pycharm,2,쉽게 배워보는 파이참 pycharm
1090,성장하고 싶습니다 관심있는,2,성장하고 싶습니다 관심있는
598,강의명 flutter 입문 안드로이드,2,강의명 flutter 입문 안드로이드
662,개발 스프링 데이터 jpa,2,개발 스프링 데이터 jpa
680,개발을 번에 flutter 중급,2,개발을 번에 flutter 중급
685,개발을 위한 es6 강좌 생활코딩,2,개발을 위한 es6 강좌
690,개발자 입니다 올해는,2,개발자 입니다 올해는
691,개발자 취업 로드맵,2,개발자 취업 로드맵
693,개발자가 되고 싶어요,2,개발자가 되고 싶어요
694,개발자가 되는 것을,2,개발자가 되는 것을
695,개발자가 되는 것을 목표로,2,개발자가 되는 것을 목표로
696,것이 목표입니다 관심,2,것이 목표입니다 관심
697,것이 목표입니다 관심 있는,2,것이 목표입니다 관심 있는
712,게임을 활용한 파이썬,2,게임을 활용한 파이썬
713,게임을 활용한 파이썬 프로그래밍,2,게임을 활용한 파이썬 프로그래밍
716,견고한js 소프트웨어 만들기,2,견고한js 소프트웨어 만들기
720,공부 목표 올해는,2,공부 목표 올해는
721,공부 목표 파이썬,2,공부 목표 파이썬
722,공부 목표 프론트엔드,2,공부 목표 프론트엔드
723,공부 목표 프론트엔드 영역,2,공부 목표 프론트엔드 영역
727,공부 열심히 해서,2,공부 열심히 해서
728,공부를 열심히 해볼,2,공부를 열심히 해볼
733,관련 강의를 인프런에서,2,관련 강의를 인프런에서
679,개발을 번에 flutter,2,개발을 번에 flutter
661,개발 스프링 데이터,2,개발 스프링 데이터
737,관심 있는 강의 딥러닝,2,관심 있는 강의 딥러닝
656,개발 관련 강의,2,개발 관련 강의
601,강의명 opencv 파이썬,2,강의명 opencv 파이썬
602,강의명 opencv 파이썬 딥러닝,2,강의명 opencv 파이썬 딥러닝
605,강의명 vue js,2,강의명 vue js
606,강의명 vue js 완벽,2,강의명 vue js 완벽
611,강의명 파이썬 알고리즘,2,강의명 파이썬 알고리즘
612,강의명 파이썬 알고리즘 문제풀이,2,강의명 파이썬 알고리즘 문제풀이
615,강의명 프로그래밍 시작하기,2,강의명 프로그래밍 시작하기
616,강의명 프로그래밍 시작하기 파이썬,2,강의명 프로그래밍 시작하기 파이썬
622,강좌 12개 만들면서,2,강좌 12개 만들면서
623,강좌 12개 만들면서 배우는,2,강좌 12개 만들면서 배우는
630,강좌 tdd 개발,2,강좌 tdd 개발
631,강좌 tdd 개발 방법론을,2,강좌 tdd 개발 방법론을
634,강좌 vue js,2,강좌 vue js
635,강좌 vue js 완벽,2,강좌 vue js 완벽
637,강좌 기획부터 사용까지,2,강좌 기획부터 사용까지
638,강좌 생활코딩 react,2,강좌 생활코딩 react
649,개념과 활용 스프링 시큐리티,2,개념과 활용 스프링 시큐리티
651,개발 swift4 ios11,2,개발 swift4 ios11
652,개발 swift4 ios11 입문,2,개발 swift4 ios11 입문
734,관련 강의를 인프런에서 들으면서,2,관련 강의를 인프런에서 들으면서
742,관심강좌 실전 스프링,2,관심강좌 실전 스프링
1089,성과내기 페이스북 퍼포먼스 마케팅,2,성과내기 페이스북 퍼포먼스 마케팅
1013,보안 취미로 해킹 시리즈,2,보안 취미로 해킹 시리즈
1015,보유하여 스스로의 웹페이지를,2,보유하여 스스로의 웹페이지를
1016,보유하여 스스로의 웹페이지를 구축해보고,2,보유하여 스스로의 웹페이지를 구축해보고
1019,부족함을 많이 느끼는,2,부족함을 많이 느끼는
1024,부트 개념과 활용 스프링 프레임워크,2,부트 개념과 활용 스프링
1033,부트의 개념과 활용,2,부트의 개념과 활용
1037,분들을 위한 intellij,2,분들을 위한 intellij
1038,분들을 위한 intellij 가이드,2,분들을 위한 intellij 가이드
1040,분석 실전 프로젝트 파이썬,2,분석 실전 프로젝트 파이썬
1043,분석 입문 과정,2,분석 입문 과정
1048,분석 중급과정 유형별분석,2,분석 중급과정 유형별분석
1050,분석 초급과정 리버스쿨 level2,2,분석 초급과정 리버스쿨 level2
1054,분석과 자연어 처리,2,분석과 자연어 처리
1056,분석을 통한 파이썬,2,분석을 통한 파이썬
1057,분석을 통한 파이썬 텍스트,2,분석을 통한 파이썬 텍스트
1065,블록체인 어플리케이션 만들기 토큰,2,블록체인 어플리케이션 만들기 토큰
1070,빅데이터의 통찰력을 주는,2,빅데이터의 통찰력을 주는
1071,빅데이터의 통찰력을 주는 엑셀,2,빅데이터의 통찰력을 주는 엑셀
1078,사람이 되고 싶습니다,2,사람이 되고 싶습니다
1088,성과내기 페이스북 퍼포먼스,2,성과내기 페이스북 퍼포먼스
1014,보안전문가를 위한 파워쉘,2,보안전문가를 위한 파워쉘
1012,보안 취미로 해킹,2,보안 취미로 해킹
743,관심강좌 자바 orm,2,관심강좌 자바 orm
1008,번에 flutter 중급 http통신,2,번에 flutter 중급 http통신
744,관심강좌 자바 orm 표준,2,관심강좌 자바 orm 표준
750,관심분야 파이썬 머신러닝,2,관심분야 파이썬 머신러닝
751,관심분야 파이썬 머신러닝 완벽,2,관심분야 파이썬 머신러닝 완벽
754,관심있는 강의 스프링 시큐리티,2,관심있는 강의 스프링 시큐리티
756,관심있는 강의 파이썬 머신러닝,2,관심있는 강의 파이썬 머신러닝
759,관심있는 강의 파이썬 알고리즘,2,관심있는 강의 파이썬 알고리즘
761,관심있는 강의명 스프링,2,관심있는 강의명 스프링
958,방법 스프링 데이터 jpa 스프링 프레임워크,2,방법 스프링 데이터 jpa
977,배우는 따라하며 배우는 게임 만들기,2,배우는 따라하며 배우는 게임
979,배우는 리눅스 시스템,2,배우는 리눅스 시스템
981,배우는 스프링부트 입문,2,배우는 스프링부트 입문
984,배우는 자료구조 여러가지,2,배우는 자료구조 여러가지
985,배우는 자료구조 여러가지 예제,2,배우는 자료구조 여러가지 예제
997,배워보는 파이참 pycharm,2,배워보는 파이참 pycharm
1,12개 만들면서 배우는 ios,2,12개 만들면서 배우는 ios
1004,백엔드 개발자 취업,2,백엔드 개발자 취업
1005,백엔드 개발자 취업 로드맵,2,백엔드 개발자 취업 로드맵
1006,백엔드 자바스크립트의 이해,2,백엔드 자바스크립트의 이해
1007,번에 flutter 중급,2,번에 flutter 중급
1999,활용한 파이썬 프로그래밍,2,활용한 파이썬 프로그래밍
